installatie,datum,nr_images,nr_fotobijlage_docs
Aalbeke,2008-10-14,64,0
Aalbeke,2008-10-15,30,0
Aalst,2004-06-24,0,1
Aalst,2004-06-29,0,1
Aalst,2004-09-27,0,1
Aalst,2006-01-23,0,1
Aalst,2006-08-31,0,1
Aalst,2012-07-27,0,1
Aalst,2012-08-21,8,0
Aalst,2012-08-22,9,0
Aalst,2012-08-23,0,1
Aalst,2012-10-17,7,0
Aalst,2013-02-26,12,0
Aalst,2013-03-22,7,1
Aalst,2013-03-26,15,0
Aalst,2013-03-29,13,1
Aalst,2013-05-24,9,1
Aalst,2013-10-22,31,0
Aalst,2014-02-19,9,0
Aalst,2014-02-21,0,1
Aalst,2014-07-17,5,0
Aalst,2017-04-13,53,1
Aalst,2017-04-21,10,0
Aalst,2017-12-15,28,0
Aalst,2017-12-19,42,0
Aalst,2017-12-22,25,1
Aalst,2018-03-12,62,0
Aalst,2018-03-15,2,1
Aalst,2018-03-16,2,1
Aalst,2018-03-19,0,1
Aalst,2018-03-21,30,0
Aalst,2018-03-27,0,2
Aalst,2022-05-19,3,1
Aalst,2024-11-05,12,0
Aalst,2024-11-08,0,1
Aalter,2005-07-08,0,1
Aalter,2013-03-26,1,0
Aalter,2013-03-27,0,1
Aalter,2013-04-04,1,0
Aalter,2013-05-30,20,0
Aalter,2013-06-07,8,0
Aalter,2013-06-13,2,0
Aalter,2013-06-14,8,0
Aalter,2013-06-18,4,1
Aalter,2014-01-16,41,0
Aalter,2016-02-10,15,0
Aalter,2016-02-11,5,2
Aalter,2016-04-29,8,0
Aalter,2016-05-02,0,1
Aalter,2016-05-12,21,0
Aalter,2016-05-13,18,2
Aalter,2016-05-31,28,0
Aalter,2016-06-01,0,1
Aalter,2016-07-14,9,0
Aalter,2016-07-27,11,0
Aalter,2016-07-28,15,0
Aalter,2017-04-27,6,1
Aalter,2017-05-02,8,2
Aalter,2021-02-19,6,0
Aalter,2021-04-29,11,0
Aalter,2021-05-03,2,1
Aalter,2021-10-15,26,0
Aalter,2021-10-19,0,3
Aalter,2021-11-16,8,2
Aalter,2023-10-23,15,0
Aalter,2023-10-25,9,0
Aalter,2023-10-26,2,1
Aalter,2023-12-12,4,0
Aalter,2025-01-08,4,0
Aalter,2025-04-24,9,0
Aalter,2025-04-28,0,1
Aalter,2025-08-08,6,0
Aalter,2025-08-09,0,1
AardooiePS,2017-04-21,6,0
AardooiePS,2017-04-26,0,1
Aarschot,2017-05-12,4,1
Aarschot,2017-05-31,8,1
Aarschot,2018-03-16,13,0
Aarschot,2018-03-21,0,1
Aartselaar,2003-03-24,0,1
Aartselaar,2006-02-22,0,1
Aartselaar,2012-02-03,4,0
Aartselaar,2012-02-07,12,0
Aartselaar,2015-07-09,5,0
Aartselaar,2015-07-10,11,0
Aartselaar,2015-07-13,1,0
Aartselaar,2016-09-08,8,1
Aartselaar,2016-11-03,6,1
Aartselaar,2017-04-25,7,0
Aartselaar,2017-04-26,0,1
Aartselaar,2017-11-08,15,1
Aartselaar,2020-08-20,7,0
Aartselaar,2020-08-21,35,1
Aartselaar,2024-11-15,10,0
Aartselaar,2024-11-22,0,1
Achel,2021-11-09,20,0
Achel,2025-03-21,11,0
Achel,2025-03-26,0,1
Alken,2007-03-06,156,0
Alken,2007-10-02,110,0
Alken,2009-01-13,155,0
Alken,2010-10-19,0,1
Alken,2012-01-30,11,0
Alken,2012-01-31,0,1
Alken,2012-02-24,0,1
Alken,2015-10-06,7,1
Alken,2016-07-07,15,0
Alken,2016-07-12,0,2
Alken,2016-09-07,14,0
Alken,2017-01-20,10,0
Alken,2023-01-12,18,1
Alken-Maes,2014-06-05,14,0
Alken-Maes,2014-06-06,12,0
Alken-Maes,2014-06-11,0,1
Alken-Maes,2014-06-12,8,0
Alken-Maes,2014-06-17,6,1
Alken-Maes,2024-10-10,1,0
Alken-Maes,2024-10-11,26,0
Alken-Maes,2024-10-16,0,1
Alken-Maes,2024-10-17,9,0
Antwerpen-Noord,2007-12-03,0,1
Antwerpen-Noord,2009-11-25,0,1
Antwerpen-Noord,2017-01-24,20,0
Antwerpen-Noord,2017-01-27,0,1
Antwerpen-Noord,2021-03-11,4,0
Antwerpen-Noord,2021-03-12,0,2
Antwerpen-Zuid,2004-05-10,0,1
Antwerpen-Zuid,2004-07-22,0,1
Antwerpen-Zuid,2005-09-06,0,1
Antwerpen-Zuid,2005-09-08,1,1
Antwerpen-Zuid,2005-09-12,0,1
Antwerpen-Zuid,2008-08-07,4,1
Antwerpen-Zuid,2014-08-13,8,1
Antwerpen-Zuid,2015-10-28,2,0
Antwerpen-Zuid,2017-11-16,8,0
Antwerpen-Zuid,2017-11-22,9,0
Antwerpen-Zuid,2017-11-24,0,1
Antwerpen-Zuid,2018-03-27,5,0
Antwerpen-Zuid,2018-04-03,14,1
Antwerpen-Zuid,2018-05-15,6,0
Antwerpen-Zuid,2018-05-16,0,1
Antwerpen-Zuid,2019-07-11,11,0
Antwerpen-Zuid,2019-07-12,0,1
Antwerpen-Zuid,2019-09-24,4,0
Antwerpen-Zuid,2019-11-13,4,0
Antwerpen-Zuid,2019-12-10,4,0
Antwerpen-Zuid,2019-12-19,4,0
Antwerpen-Zuid,2019-12-20,0,1
Antwerpen-Zuid,2020-02-07,6,0
Antwerpen-Zuid,2020-03-19,18,1
Antwerpen-Zuid,2020-04-15,12,0
Antwerpen-Zuid,2020-04-16,17,0
Antwerpen-Zuid,2020-04-23,23,0
Antwerpen-Zuid,2020-04-30,12,0
Antwerpen-Zuid,2020-06-11,9,0
Antwerpen-Zuid,2020-06-12,10,0
Antwerpen-Zuid,2020-06-29,3,0
Antwerpen-Zuid,2020-07-23,12,0
Antwerpen-Zuid,2020-08-20,11,0
Antwerpen-Zuid,2020-09-07,8,0
Antwerpen-Zuid,2020-09-18,4,0
Antwerpen-Zuid,2020-10-01,7,0
Antwerpen-Zuid,2020-10-16,13,0
Antwerpen-Zuid,2020-10-29,11,0
Antwerpen-Zuid,2020-11-26,7,0
Antwerpen-Zuid,2020-12-15,11,0
Antwerpen-Zuid,2020-12-17,0,1
Antwerpen-Zuid,2020-12-22,13,0
Anzegem,2025-05-20,7,0
Arendonk,2009-11-27,0,1
Arendonk,2011-09-01,0,1
Arendonk,2018-09-28,6,0
Arendonk,2020-12-14,18,0
Arendonk,2020-12-16,0,1
Asse-Bekkerzeel,2011-05-26,27,0
Asse-Bekkerzeel,2014-09-04,2,0
Asse-Bekkerzeel,2015-02-16,7,1
Asse-Bekkerzeel,2025-01-09,11,1
Asse-Bollebeek,2016-12-22,8,0
Asse-Bollebeek,2018-03-29,21,1
Asse-Bollebeek,2018-04-04,0,2
Asse-Bollebeek,2019-12-02,23,0
Asse-Bollebeek,2019-12-04,41,6
Asse-Bollebeek,2019-12-09,0,2
Asse-Bollebeek,2020-08-28,10,1
Asse-Bollebeek,2022-01-25,10,0
Asse-Bollebeek,2022-03-31,20,0
Asse-Bollebeek,2022-04-05,0,1
Asse-Bollebeek,2022-07-28,21,1
Asse-Bollebeek,2022-07-29,0,2
Asse-Bollebeek,2022-08-18,39,0
Asse-Bollebeek,2022-08-25,0,5
Asse-Bollebeek,2022-08-26,0,1
Asse-Bollebeek,2022-10-20,7,0
Asse-Bollebeek,2022-10-21,0,1
Asse-Bollebeek,2026-01-21,16,2
Asse-Bollebeek,2026-02-03,0,1
Asse-Bollebeek,2026-02-25,5,0
Asse-Bollebeek,2026-02-26,0,1
Asse-Bollebeek,2026-03-03,9,1
Balegem_PS,2018-02-05,4,0
Balegem_PS,2018-02-07,0,1
Baliebrugge,2012-04-23,0,1
Baliebrugge,2012-06-14,0,1
Baliebrugge,2012-06-27,7,0
Baliebrugge,2012-06-28,0,1
Baliebrugge,2012-10-25,0,1
Baliebrugge,2013-03-21,0,1
Baliebrugge,2013-09-25,14,0
Bambrugge,2017-02-17,4,0
Bambrugge,2017-02-21,13,1
Bambrugge,2018-01-26,6,0
Bambrugge,2018-02-07,9,0
Bambrugge,2018-03-22,4,1
Bambrugge,2018-04-16,7,0
Bambrugge,2018-06-12,5,0
Bambrugge,2018-09-25,6,0
Bambrugge,2022-09-20,3,0
Bambrugge,2022-09-22,0,1
Bavegem,2015-07-06,1,0
Bavegem,2019-04-19,6,0
Bavegem,2019-04-24,0,1
Beernem,2016-07-15,9,1
Beernem,2020-08-18,11,1
Beernem,2020-09-01,8,0
Beernem,2020-10-08,6,0
Beernem,2020-10-09,15,0
Beernem,2020-11-24,28,0
Beernem,2020-11-25,26,1
Beernem,2020-12-04,24,0
Beernem,2021-08-02,7,1
Beernem,2024-01-17,3,0
Beernem,2024-10-03,8,0
Beernem,2025-08-06,4,0
Beernem,2025-08-08,0,1
Beernem,2025-08-12,6,0
Beernem,2025-08-19,0,1
Beerse,2007-11-19,234,0
Beerse,2013-10-11,33,2
Beerse,2014-10-10,15,0
Beerse,2015-06-10,12,1
Beerse,2015-06-12,1,0
Beerse,2015-07-07,7,0
Beerse,2015-07-08,0,1
Beerse,2020-04-07,24,0
Beerse,2020-04-09,7,0
Beerse,2020-04-10,0,1
Beerse,2020-04-28,31,0
Beerse,2020-04-29,19,0
Beerse,2020-06-11,6,0
Beerse,2020-06-12,0,1
Beerse,2020-06-30,10,0
Beerse,2020-07-02,10,0
Beerse,2020-07-03,0,2
Beerse,2020-07-22,18,0
Beerse,2020-07-24,0,2
Beerse,2020-10-28,34,0
Beerse,2020-10-29,15,0
Beerse,2020-11-02,0,2
Beerse,2020-11-17,6,0
Beerse,2020-11-18,1,0
Beerse,2020-11-20,0,1
Beerse,2020-11-26,24,1
Beerse,2020-12-08,15,0
Beerse,2020-12-23,7,0
Beerse,2020-12-24,10,0
Beerse,2021-04-22,6,0
Beerse,2021-04-23,2,1
Beerse,2021-06-16,10,0
Beerse,2021-06-18,0,1
Beerse,2021-07-01,7,1
Beerse,2021-07-14,16,0
Beerse,2021-08-04,4,0
Beerse,2021-08-06,0,1
Beerse,2021-09-07,6,0
Beerse,2021-09-09,0,1
Beerse,2021-09-28,4,1
Beerse,2021-10-13,18,0
Beerse,2021-10-14,0,1
Beerse,2021-10-28,5,0
Beerse,2021-11-04,0,1
Beerse,2024-08-13,0,1
Beerse,2026-04-13,0,1
Beersel,2004-11-29,0,1
Beersel,2008-03-31,0,1
Beersel,2011-11-07,0,1
Beersel,2018-07-05,7,0
Beersel,2020-11-26,7,1
Beersel,2025-02-06,12,0
Beersel,2026-01-29,0,1
Beersel,2026-02-27,0,1
Beersel,2026-03-27,0,1
Bemalingswater,2025-04-14,2,0
Berendrecht,2010-05-25,3,0
Berendrecht,2010-05-31,0,1
Berendrecht,2010-06-01,0,2
Berendrecht,2012-03-29,11,0
Berendrecht,2012-04-16,1,0
Berendrecht,2012-12-14,5,0
Berendrecht,2014-04-07,5,0
Berendrecht,2015-06-16,7,0
Berendrecht,2015-06-30,8,1
Berendrecht,2016-03-07,12,1
Berendrecht,2016-03-08,15,1
Berendrecht,2016-03-09,2,0
Berendrecht,2016-03-10,5,1
Berendrecht,2019-10-24,4,0
Berendrecht,2019-12-18,6,0
Berendrecht,2019-12-19,0,3
Berendrecht,2020-01-14,73,0
Berendrecht,2020-01-15,0,1
Berendrecht,2020-01-17,3,0
Berendrecht,2020-01-20,0,1
Berendrecht,2020-01-23,4,0
Berendrecht,2020-02-20,2,0
Berendrecht,2020-03-04,14,0
Berendrecht,2020-03-05,9,1
Berendrecht,2020-12-15,6,0
Berendrecht,2021-09-09,37,0
Berendrecht,2021-09-13,0,1
Berendrecht,2021-09-21,28,0
Berendrecht,2021-09-22,0,1
Berlare,2005-11-18,0,1
Berlare,2006-07-07,0,2
Berlare,2007-11-06,127,0
Berlare,2022-01-27,5,1
Beselare,2019-01-08,12,0
Beveren,2014-05-09,4,0
Beveren,2014-07-18,13,0
Beveren,2019-02-08,5,0
Beveren-Leie,2011-01-14,0,1
Beveren-Leie,2011-01-20,0,1
Beveren-Leie,2013-01-25,9,0
Beveren-Leie,2013-01-31,0,1
Beveren-Leie,2013-05-29,4,1
Beveren-Leie,2014-01-17,9,1
Beveren-Leie,2014-04-10,19,1
Beveren-Leie,2014-04-14,11,0
Beveren-Leie,2014-04-15,12,0
Beveren-Leie,2015-03-04,18,1
Beveren-Leie,2016-12-13,36,0
Beveren-Leie,2016-12-16,10,0
Beveren-Leie,2016-12-19,9,0
Beveren-Leie,2016-12-20,0,1
Beveren-Leie,2019-02-28,19,0
Beveren-Leie,2019-03-01,32,5
Beveren-Leie,2019-11-25,5,0
Beveren-Leie,2019-11-29,6,1
Beveren-Leie,2020-10-05,11,0
Beveren-Leie,2020-10-07,15,0
Beveren-Leie,2020-10-12,0,3
Beveren-Leie,2021-05-11,10,0
Beveren-Leie,2021-05-17,0,1
Beveren-Leie,2022-05-06,6,0
Beveren-Leie,2022-05-10,0,2
Beveren-Leie,2023-03-16,2,0
Beveren-Leie,2023-03-20,0,1
Beveren-Leie,2026-03-03,0,1
Beveren-Leie,2026-03-26,0,1
Beverlo,2006-02-14,0,1
Beverlo,2012-04-17,6,1
Beverlo,2014-12-09,3,0
Beverlo,2024-08-22,0,3
Beverlo,2024-08-23,14,0
Beverlo,2024-08-26,3,1
Beverlo,2024-08-27,29,2
Beverlo,2024-08-29,37,0
Beverlo,2024-08-30,0,3
Beverlo,2024-09-05,18,0
Beverlo,2025-01-23,10,0
Beverlo,2025-01-27,0,1
Bierbeek,2007-10-30,0,1
Bierbeek,2012-09-25,4,0
Bierbeek,2012-10-11,0,1
Bierbeek,2013-02-15,5,0
Bierbeek,2013-02-18,6,0
Bierbeek,2013-05-06,0,1
Bierbeek,2024-10-09,28,0
Bierbeek,2024-10-11,0,1
Bierbeek,2025-11-13,0,1
Bierbeek,2026-02-23,3,1
Bierbeek,2026-04-07,0,1
Bilzen,2010-01-07,0,1
Bilzen,2010-03-02,6,0
Bilzen,2013-04-12,9,0
Bilzen,2013-10-17,10,0
Bilzen,2013-10-18,9,1
Bilzen,2014-09-23,26,1
Bilzen,2016-05-11,8,0
Bilzen,2016-07-07,12,0
Bilzen,2017-01-20,5,0
Bilzen,2018-01-18,10,1
Bilzen,2020-06-12,2,1
Bilzen,2020-06-16,9,0
Bilzen,2020-08-28,9,0
Bilzen,2020-09-01,0,1
Bilzen,2022-05-10,4,1
Bilzen,2022-12-01,2,0
Bilzen,2022-12-02,0,1
Blaasveld,2006-01-16,0,1
Blaasveld,2006-02-09,0,1
Blaasveld,2007-10-24,122,0
Blaasveld,2012-07-06,4,0
Blaasveld,2020-09-29,6,1
Blaasveld,2021-12-09,16,1
Blaasveld,2022-03-01,23,0
Blaasveld,2022-03-02,15,0
Blaasveld,2022-04-07,22,0
Blaasveld,2025-09-10,9,0
Blaasveld,2025-09-11,0,1
Blaasveld,2025-10-10,4,0
Blaasveld,2025-10-15,0,1
Blaasveld,2025-12-05,5,1
Bocholt,2004-07-09,0,1
Bocholt,2006-07-12,0,1
Bocholt,2006-10-25,0,1
Bocholt,2010-08-16,0,1
Bocholt,2024-11-06,8,0
Bocholt,2024-11-19,0,1
Bocholt,2025-07-15,16,2
Boechout,2008-04-25,0,1
Boechout,2019-02-13,14,0
Boechout,2019-02-14,7,0
Boechout,2019-02-18,0,2
Boechout,2019-04-19,4,0
Boechout,2021-03-05,7,0
Boechout,2021-03-08,9,0
Boechout,2021-03-09,0,2
Boekhoute,2014-05-27,5,0
Boekhoute,2025-02-07,8,0
Bokrijk,2007-01-26,0,1
Bokrijk,2007-02-14,0,1
Bonheiden,2016-10-11,8,0
Bonheiden,2017-01-12,5,0
Bonheiden,2017-01-13,0,1
Bonheiden,2017-01-17,14,1
Bonheiden,2017-01-19,7,1
Bonheiden,2017-01-23,7,1
Boom,2007-05-08,0,1
Boom,2019-10-01,7,0
Boom,2019-10-03,25,0
Boom,2019-10-25,15,0
Boom,2019-10-29,7,0
Boom,2023-02-28,7,1
Boom,2025-09-12,13,0
Boom,2025-09-15,0,1
Boorsem,2013-03-27,26,0
Boorsem,2013-03-28,9,1
Boorsem,2013-04-03,7,0
Boorsem,2013-06-04,7,1
Boorsem,2015-01-23,2,1
Boorsem,2019-10-23,0,1
Boortmeerbeek,2016-03-18,6,0
Boortmeerbeek,2016-03-22,0,1
Boortmeerbeek,2023-02-10,21,0
Boortmeerbeek,2023-02-16,3,0
Boortmeerbeek,2023-03-21,1,0
Boortmeerbeek,2023-03-23,11,0
Boortmeerbeek,2023-03-24,5,2
Boortmeerbeek,2023-04-18,2,0
Boortmeerbeek,2023-05-23,15,0
Boortmeerbeek,2023-05-26,0,1
Boortmeerbeek,2024-11-14,1,0
Boortmeerbeek,2024-11-22,0,1
Boortmeerbeek,2024-12-13,5,1
Boortmeerbeek,2025-05-26,0,1
Boortmeerbeek,2025-06-17,8,0
Boortmeerbeek,2025-06-19,0,1
Boortmeerbeek,2025-07-17,11,0
Boortmeerbeek,2025-07-22,0,1
Boortmeerbeek,2025-08-12,18,0
Boortmeerbeek,2025-09-12,4,1
Boortmeerbeek,2025-10-17,0,1
Boortmeerbeek,2025-10-24,11,1
Boortmeerbeek,2025-11-03,0,1
Boortmeerbeek,2025-11-06,6,0
Boortmeerbeek,2025-11-13,0,1
Boortmeerbeek,2025-11-18,6,1
Boortmeerbeek,2025-12-05,5,1
Boortmeerbeek,2026-01-16,12,0
Boortmeerbeek,2026-01-20,0,1
Boortmeerbeek,2026-01-30,9,1
Boortmeerbeek,2026-02-12,0,1
Boortmeerbeek,2026-03-11,0,1
Boortmeerbeek,2026-04-09,0,1
Boortmeerbeek,2026-04-21,0,1
Borgloon-Tivoli,2017-02-08,23,0
Borgloon-Tivoli,2017-02-10,9,0
Borgloon-Tivoli,2017-02-16,23,0
Borgloon-Tivoli,2019-01-28,3,0
Borgloon-Tivoli,2019-01-30,0,1
Borgloon-Tivoli,2019-11-12,12,1
Borgloon-Tivoli,2019-11-13,8,0
Bornem,2006-11-15,0,1
Bornem,2007-04-23,286,0
Bornem,2007-09-25,0,1
Bornem,2007-11-19,162,0
Bornem,2012-11-22,0,1
Bornem,2012-12-17,0,1
Bornem,2014-04-15,6,0
Bornem,2018-07-12,9,1
Bornem,2019-01-16,27,0
Bornem,2019-01-22,0,1
Bornem,2019-01-23,0,2
Bornem,2019-07-10,14,0
Bornem,2020-04-21,21,0
Bornem,2020-04-24,0,1
Bornem,2024-03-12,6,1
Bornem,2025-04-09,33,0
Bornem,2025-04-14,0,3
Brakel,2005-07-05,0,1
Brakel,2017-09-20,1,0
Brakel,2017-09-21,3,1
Brakel,2017-09-26,9,0
Brakel,2017-09-28,0,1
Brakel,2020-04-30,16,1
Brakel,2024-09-12,3,0
Brakel,2024-09-13,0,1
Brakel,2024-10-23,8,0
Brakel,2024-11-06,9,0
Brakel,2024-11-18,0,1
Brakel,2025-01-08,5,0
Brakel,2025-01-10,0,1
Brakel,2026-04-09,12,0
Brakel,2026-04-10,0,2
Brakel,2026-04-24,7,0
Brasschaat,2008-12-16,0,1
Brecht,2008-11-04,0,1
Brecht,2017-03-02,4,0
Brecht,2018-06-15,7,0
Brecht,2021-10-21,6,0
Brecht,2021-10-22,13,1
Brecht,2021-12-15,10,0
Brecht,2022-01-20,3,1
Brecht,2022-06-16,3,0
Brecht,2023-02-06,4,1
Bree,2006-01-11,0,1
Bree,2006-04-06,0,2
Bree,2006-04-13,0,1
Bree,2006-05-16,0,1
Bree,2006-07-18,0,1
Bree,2007-04-19,0,1
Bree,2007-07-19,0,1
Bree,2007-10-02,170,0
Bree,2008-03-12,0,1
Bree,2008-04-16,0,1
Bree,2008-04-28,0,1
Bree,2010-04-06,0,1
Bree,2010-08-06,0,1
Bree,2011-07-08,0,1
Bree,2011-11-16,13,0
Bree,2011-11-17,2,0
Bree,2011-11-18,11,0
Bree,2011-11-23,0,2
Bree,2012-03-08,4,0
Bree,2012-05-07,0,2
Bree,2012-05-08,6,1
Bree,2012-05-25,0,1
Bree,2012-08-07,0,1
Bree,2012-08-09,0,2
Bree,2012-08-10,28,0
Bree,2012-08-30,11,0
Bree,2012-09-05,0,1
Bree,2013-02-19,3,1
Bree,2013-02-26,10,1
Bree,2013-04-05,5,0
Bree,2013-04-11,10,2
Bree,2013-04-25,7,0
Bree,2013-10-04,16,0
Bree,2013-11-29,8,0
Bree,2014-01-31,2,0
Bree,2014-11-18,2,1
Bree,2014-12-24,9,1
Bree,2015-01-07,12,0
Bree,2015-01-08,17,2
Bree,2015-09-24,28,0
Bree,2015-11-13,4,1
Bree,2017-03-02,34,2
Bree,2017-03-03,24,0
Bree,2017-03-06,0,1
Bree,2017-04-14,13,1
Bree,2017-11-17,4,0
Bree,2018-04-18,26,0
Bree,2018-04-19,0,1
Bree,2021-04-20,10,0
Bree,2021-04-21,13,4
Bree,2025-03-21,4,0
Bree,2026-03-19,0,1
Brugge_extra,1980-01-01,37,0
Brugge_extra,2025-03-20,26,0
Brugge_extra,2025-03-24,36,1
Brugge_extra,2025-03-26,0,1
Brugge_extra,2025-04-15,15,0
Brugge_extra,2025-04-17,7,1
Brugge_extra,2025-05-07,15,1
Brugge_extra,2025-06-03,8,0
Brugge_extra,2025-06-05,34,0
Brugge_extra,2025-06-06,32,2
Brugge_extra,2025-06-13,36,0
Brugge_extra,2025-06-16,0,1
Brugge_extra,2025-06-30,8,0
Brugge_extra,2025-07-01,21,0
Brugge_extra,2025-07-04,68,1
Brugge_extra,2025-07-14,0,1
Brugge_extra,2025-08-01,33,0
Brugge_extra,2025-08-04,0,1
Brugge_extra,2025-08-13,4,0
Brugge_extra,2025-09-01,0,1
Brugge_extra,2025-09-03,9,0
Brugge_extra,2025-09-05,6,1
Brugge_extra,2025-09-29,24,0
Brugge_extra,2025-09-30,5,0
Brugge_extra,2025-10-03,24,0
Brugge_extra,2025-10-06,10,0
Brugge_extra,2025-10-08,46,0
Brugge_extra,2025-10-10,12,0
Brugge_extra,2025-11-21,38,1
Burcht,2006-12-11,282,0
Burcht,2007-03-06,232,0
Burcht,2007-03-26,127,0
Damme-Lapscheure,2014-02-07,4,1
Damme-Lapscheure,2019-06-28,9,1
De Klinge,2004-05-24,0,1
De Klinge,2005-11-23,0,1
De Klinge,2012-04-16,1,0
De Klinge,2012-04-20,0,1
De Pinte Zevergem,2014-12-05,6,1
Deinze,2003-09-08,0,1
Deinze,2005-10-20,0,1
Deinze,2007-06-01,0,1
Deinze,2010-05-03,0,2
Deinze,2012-05-25,5,0
Deinze,2012-06-01,0,1
Deinze,2015-02-17,6,0
Deinze,2015-02-19,1,0
Deinze,2015-02-20,19,0
Deinze,2018-04-27,3,1
Deinze,2022-03-24,14,1
Deinze,2022-08-25,2,0
Deinze,2022-08-26,2,2
Deinze-Grammene,2018-03-15,7,2
Dendermonde,2003-01-27,0,1
Dendermonde,2007-04-23,0,1
Dendermonde,2007-06-04,0,1
Dendermonde,2012-03-02,1,0
Dendermonde,2012-04-11,7,0
Dendermonde,2017-05-03,10,0
Dendermonde,2017-05-05,0,1
Dendermonde,2017-10-06,21,0
Dendermonde,2017-10-09,0,1
Dendermonde,2017-10-10,2,0
Dendermonde,2017-10-11,18,0
Dendermonde,2018-02-02,4,0
Dendermonde,2018-02-07,0,1
Dendermonde,2018-02-08,5,0
Dendermonde,2018-09-05,10,0
Dendermonde,2018-09-06,0,1
Dendermonde,2018-09-19,17,0
Dendermonde,2018-09-21,0,1
Dendermonde,2019-10-16,2,0
Dendermonde,2020-02-27,7,0
Dendermonde,2020-02-28,30,0
Dendermonde,2020-04-09,45,1
Dendermonde,2020-04-22,7,2
Dendermonde,2020-05-25,0,1
Dendermonde,2020-09-10,6,1
Dendermonde,2020-10-23,14,1
Dendermonde,2020-11-05,10,0
Dendermonde,2020-11-12,0,1
Dendermonde,2020-12-02,14,0
Dendermonde,2020-12-09,0,1
Dendermonde,2022-11-18,8,0
Dendermonde,2022-11-21,0,1
Dendermonde,2023-01-30,9,0
Dendermonde,2023-02-09,7,0
Dendermonde,2023-06-08,29,1
Dendermonde,2023-09-14,4,1
Dendermonde,2024-09-25,22,0
Dendermonde,2024-10-01,0,2
Dendermonde,2026-02-27,15,0
Dendermonde,2026-03-18,9,0
Dendermonde,2026-03-25,8,0
Dendermonde,2026-03-30,0,2
Dessel,2008-07-02,3,0
Dessel,2012-11-05,0,1
Dessel,2013-06-13,9,0
Dessel,2026-03-16,0,1
Destelbergen,2004-09-14,0,1
Destelbergen,2006-11-20,18,0
Destelbergen,2007-08-16,0,1
Destelbergen,2010-03-24,0,1
Destelbergen,2010-04-01,0,1
Destelbergen,2012-02-17,10,0
Destelbergen,2012-03-14,1,0
Destelbergen,2012-03-20,0,1
Destelbergen,2013-06-14,21,1
Destelbergen,2013-06-21,5,0
Destelbergen,2013-07-12,5,0
Destelbergen,2014-03-13,29,1
Destelbergen,2014-04-10,6,0
Destelbergen,2014-06-06,4,0
Destelbergen,2014-09-22,15,0
Destelbergen,2014-09-23,0,1
Destelbergen,2015-09-15,13,0
Destelbergen,2015-09-29,0,1
Destelbergen,2016-01-22,16,0
Destelbergen,2016-01-27,0,1
Destelbergen,2016-03-16,10,0
Destelbergen,2016-03-22,4,0
Destelbergen,2016-03-23,0,1
Destelbergen,2016-04-19,9,0
Destelbergen,2016-05-03,0,1
Destelbergen,2016-05-13,11,0
Destelbergen,2016-07-06,5,0
Destelbergen,2016-09-20,23,0
Destelbergen,2016-10-03,0,1
Destelbergen,2016-10-04,5,0
Destelbergen,2016-10-12,1,0
Destelbergen,2016-10-14,0,1
Destelbergen,2016-10-20,7,0
Destelbergen,2016-11-04,0,2
Destelbergen,2016-12-20,23,0
Destelbergen,2017-01-09,0,1
Destelbergen,2017-01-17,21,0
Destelbergen,2017-01-26,21,0
Destelbergen,2017-01-27,12,0
Destelbergen,2017-02-15,8,0
Destelbergen,2017-03-02,10,0
Destelbergen,2017-04-05,15,0
Destelbergen,2017-06-29,16,0
Destelbergen,2017-07-25,7,0
Destelbergen,2017-09-05,9,0
Destelbergen,2017-10-17,17,0
Destelbergen,2017-11-16,5,0
Destelbergen,2018-01-23,10,0
Destelbergen,2018-01-26,0,1
Destelbergen,2018-04-06,6,0
Destelbergen,2018-09-20,7,1
Destelbergen,2018-09-28,0,1
Destelbergen,2018-10-24,6,0
Destelbergen,2018-11-29,8,0
Destelbergen,2019-09-27,3,0
Destelbergen,2019-10-17,8,0
Destelbergen,2019-10-18,10,0
Destelbergen,2019-10-22,6,0
Destelbergen,2019-10-24,13,0
Destelbergen,2019-11-07,4,0
Destelbergen,2019-11-12,0,1
Destelbergen,2019-11-15,14,1
Destelbergen,2019-11-21,7,0
Destelbergen,2019-11-22,5,0
Destelbergen,2019-12-02,4,0
Destelbergen,2019-12-04,0,1
Destelbergen,2025-09-26,4,1
Destelbergen,2025-10-01,4,0
Destelbergen,2025-10-03,0,1
Destelbergen,2026-03-17,0,1
Destelbergen,2026-04-14,10,1
Destelbergen,2026-04-16,13,0
Deurle,2020-05-26,4,0
Deurle,2020-05-27,11,0
Deurle,2020-06-03,0,1
Deurle,2020-06-23,6,0
Deurle,2020-06-24,0,1
Deurne,2005-02-16,3,0
Deurne,2005-06-17,0,1
Deurne,2007-02-02,224,0
Deurne,2008-10-28,2,1
Deurne,2012-04-05,20,0
Deurne,2012-04-10,0,1
Deurne,2013-02-26,28,0
Deurne,2013-02-27,0,1
Deurne,2013-03-06,14,0
Deurne,2013-03-12,12,0
Deurne,2013-03-20,11,0
Deurne,2013-03-27,34,0
Deurne,2013-04-03,26,0
Deurne,2013-04-15,14,0
Deurne,2013-04-16,13,0
Deurne,2013-05-08,13,0
Deurne,2013-05-24,11,0
Deurne,2013-06-07,7,0
Deurne,2013-06-21,5,0
Deurne,2013-06-25,4,0
Deurne,2013-07-19,8,0
Deurne,2013-07-23,9,0
Deurne,2013-08-20,15,0
Deurne,2013-08-29,14,0
Deurne,2015-08-11,10,1
Deurne,2015-10-02,8,0
Deurne,2016-06-29,12,1
Deurne,2016-06-30,0,1
Deurne,2016-11-04,0,1
Deurne,2016-11-25,0,1
Deurne,2018-06-29,8,0
Deurne,2018-07-05,12,0
Deurne,2018-12-14,16,1
Deurne,2018-12-18,13,0
Deurne,2018-12-19,0,1
Deurne,2019-01-04,17,0
Deurne,2019-01-07,0,1
Deurne,2020-03-12,0,1
Deurne,2020-07-08,8,0
Deurne,2020-07-09,32,0
Deurne,2020-07-13,0,2
Deurne,2020-10-01,9,0
Deurne,2020-10-02,0,2
Deurne,2021-01-25,4,0
Deurne,2021-01-28,0,1
Deurne,2021-03-25,12,0
Deurne,2022-03-02,30,0
Deurne,2022-03-03,10,1
Deurne,2023-04-18,8,0
Deurne,2023-04-20,0,1
Diest,2012-05-22,7,1
Diest,2012-08-16,7,0
Diest,2012-08-17,4,0
Diest,2012-10-04,11,0
Diest,2013-02-20,2,1
Diest,2013-03-27,27,0
Diest,2013-03-28,0,1
Diest,2018-03-01,6,0
Diest,2020-03-02,2,0
Diest,2020-03-04,0,1
Diest,2020-04-17,13,0
Diest,2022-04-07,11,0
Diest,2025-02-07,3,0
Dikkelvenne,2011-02-04,5,0
Dikkelvenne,2011-02-16,0,1
Dikkelvenne,2013-10-16,30,0
Dikkelvenne,2013-10-18,0,2
Dikkelvenne,2014-02-14,0,2
Dikkelvenne,2015-12-10,11,0
Dikkelvenne,2016-04-20,7,0
Dikkelvenne,2016-04-26,0,1
Dikkelvenne,2016-05-02,9,1
Dikkelvenne,2016-05-18,12,0
Dikkelvenne,2016-05-19,0,1
Dikkelvenne,2016-06-09,7,0
Dikkelvenne,2016-06-13,0,1
Dikkelvenne,2016-06-30,28,0
Dikkelvenne,2016-07-01,0,2
Dikkelvenne,2016-09-05,65,0
Dikkelvenne,2016-09-14,17,0
Dikkelvenne,2016-09-20,24,0
Dikkelvenne,2016-09-26,1,0
Dikkelvenne,2016-09-28,26,0
Dikkelvenne,2016-10-03,10,0
Dikkelvenne,2016-10-05,10,0
Dikkelvenne,2016-10-06,0,1
Dikkelvenne,2019-03-01,13,2
Dilsen,2014-10-09,25,0
Dilsen,2014-10-13,0,1
Dilsen,2015-12-14,7,0
Dilsen,2023-01-26,7,0
Dilsen,2023-01-31,0,1
Duffel,2005-10-12,0,1
Duffel,2009-08-20,6,0
Duffel,2010-03-23,0,1
Duffel,2010-03-24,4,0
Duffel,2010-06-04,9,0
Duffel,2019-11-28,8,0
Duffel,2019-11-29,0,1
Duffel,2025-05-20,7,0
Duffel,2025-05-26,0,1
Duffel,2025-06-13,15,1
Edegem,2005-09-15,1,0
Edegem,2006-06-19,0,1
Edegem,2006-07-24,0,1
Edegem,2006-08-25,0,1
Edegem,2006-11-21,23,0
Edegem,2007-07-20,1,0
Edegem,2007-10-24,134,0
Edegem,2013-03-07,3,0
Edegem,2013-03-26,0,1
Edegem,2013-03-27,0,1
Edegem,2013-04-19,3,0
Edegem,2013-04-30,10,1
Edegem,2013-06-27,16,0
Edegem,2014-02-19,11,0
Edegem,2022-02-17,8,1
Eeklo,2012-04-03,0,1
Eisden,2005-10-05,0,1
Eisden,2005-11-08,0,1
Eisden,2005-11-25,0,1
Eisden,2006-02-06,0,1
Eisden,2006-04-18,0,1
Eisden,2009-08-11,6,0
Eisden,2010-01-28,0,1
Eisden,2010-01-29,2,0
Eisden,2010-02-23,7,0
Eisden,2010-03-02,6,0
Eisden,2013-04-03,17,0
Eisden,2022-02-15,40,0
Eisden,2022-02-17,0,2
Eke,2024-10-10,1,0
Eke,2024-10-17,9,1
Eksel,2006-03-09,0,1
Eksel,2006-11-27,160,0
Eksel,2007-02-02,91,0
Eksel,2007-02-26,0,1
Eksel,2007-03-07,0,1
Eksel,2007-03-15,0,2
Eksel,2007-06-04,0,1
Eksel,2021-11-09,24,0
Eksel,2025-04-01,13,0
Eksel,2025-04-02,0,1
Elsegem,2005-03-17,2,1
Elsegem,2006-02-21,0,2
Elsegem,2015-02-27,5,1
Elsegem,2015-03-02,11,0
Elsegem,2015-03-03,0,1
Elsegem,2024-01-17,5,1
Engsbergen,2012-02-28,0,2
Engsbergen,2012-03-20,8,0
Engsbergen,2012-03-21,9,0
Engsbergen,2012-04-17,7,1
Engsbergen,2012-06-06,2,0
Engsbergen,2013-03-21,4,1
Engsbergen,2013-08-22,5,1
Engsbergen,2016-05-13,24,0
Engsbergen,2016-05-19,0,1
Engsbergen,2018-02-09,29,0
Engsbergen,2018-05-09,3,0
Engsbergen,2018-07-19,20,0
Engsbergen,2018-07-23,0,1
Engsbergen,2018-09-28,4,0
Engsbergen,2018-10-02,0,1
Engsbergen,2018-10-25,11,0
Engsbergen,2018-11-23,14,0
Engsbergen,2020-04-14,16,2
Engsbergen,2020-04-16,22,0
Engsbergen,2020-04-28,17,0
Engsbergen,2020-04-29,20,0
Engsbergen,2020-05-12,0,2
Engsbergen,2020-08-07,21,0
Engsbergen,2022-03-03,17,1
Engsbergen,2022-03-08,4,0
Ertvelde,2007-01-25,0,1
Ertvelde,2013-01-22,0,1
Ertvelde,2015-12-03,21,1
Ertvelde,2021-04-27,4,0
Ertvelde,2021-04-30,0,1
Ertvelde,2024-02-29,4,0
Essen,2006-02-10,0,1
Essen,2018-06-22,6,0
Essen,2020-02-04,8,1
Essen,2020-03-20,22,1
Essen,2021-01-21,6,0
Essen,2021-01-22,0,1
Essen,2021-08-10,20,0
Essen,2021-08-11,0,1
Essen,2021-10-22,16,0
Essen,2021-11-04,11,0
Essen,2021-12-07,13,0
Essen,2022-01-25,15,0
Essen,2024-11-29,16,1
Evergem,2003-08-01,0,1
Evergem,2011-04-21,0,1
Evergem,2013-03-15,5,0
Evergem,2013-06-07,5,0
Galmaarden,2007-11-20,120,0
Galmaarden,2014-02-25,4,1
Galmaarden,2016-01-19,8,0
Galmaarden,2016-01-20,0,1
Galmaarden,2016-11-21,5,1
Galmaarden,2016-12-01,4,0
Galmaarden,2018-04-27,2,0
Galmaarden,2022-05-20,13,1
Galmaarden,2023-03-09,11,1
Galmaarden,2024-09-16,10,0
Galmaarden,2024-09-19,0,1
Galmaarden,2025-11-21,7,0
Galmaarden,2025-11-24,0,1
Galmaarden,2025-11-26,13,0
Galmaarden_Waarbeke,2013-08-27,86,0
Galmaarden_Waarbeke,2018-09-07,3,1
Gavere,2006-02-03,0,1
Gavere,2006-11-29,159,0
Gavere,2007-03-30,146,0
Gavere,2013-04-29,9,1
Gavere,2013-05-03,0,1
Gavere,2024-10-01,2,0
Gavere,2024-11-06,17,0
Gavere,2024-11-12,0,1
Geel,2005-12-15,0,2
Geel,2006-03-09,0,1
Geel,2006-11-16,0,1
Geel,2006-12-04,0,1
Geel,2009-01-29,0,1
Geel,2015-02-25,5,1
Geel,2016-04-15,7,1
Geel,2017-01-25,12,0
Geel,2018-04-20,25,1
Geel,2020-09-11,2,1
Geel,2021-10-19,17,0
Geel,2021-10-21,0,1
Geel,2022-02-17,5,1
Geel,2025-04-03,13,0
Geel,2025-04-04,0,2
Geel-Mosselgoren,2019-04-09,19,0
Geel-Mosselgoren,2019-04-10,35,0
Geel-Mosselgoren,2019-04-15,9,0
Geel-Mosselgoren,2019-06-03,8,0
Geel-Mosselgoren,2019-06-07,9,0
Geel-Mosselgoren,2019-06-13,5,0
Geel-Mosselgoren,2019-06-14,5,0
Geel-Mosselgoren,2019-06-17,0,1
Geetbets,2012-03-30,8,0
Geetbets,2012-04-11,0,1
Geetbets,2018-05-25,7,0
Geetbets,2018-08-31,4,0
Geetbets,2018-09-04,0,1
Genk,2005-11-09,0,1
Genk,2010-02-11,0,1
Genk,2010-03-29,0,1
Genk,2013-05-29,5,1
Genk,2013-09-20,13,0
Genk,2013-09-25,8,0
Genk,2013-10-01,5,1
Genk,2014-10-10,5,0
Genk,2014-10-13,11,1
Genk,2018-04-12,6,0
Genk,2018-04-16,0,1
Genk,2019-06-21,9,0
Genk,2019-06-24,0,1
Genk,2019-11-19,19,0
Genk,2019-11-20,7,1
Genk,2019-11-21,4,1
Genk,2019-12-12,3,2
Genk,2020-09-01,28,0
Genk,2020-09-02,12,0
Genk,2020-09-04,0,1
Genk,2022-03-03,19,0
Genk,2022-03-04,6,1
Genk,2022-09-13,9,1
Genk,2023-11-08,6,1
Genk,2024-10-09,2,0
Genk,2024-10-11,0,1
Genk,2025-11-13,8,0
Genk,2025-11-14,5,0
Genk,2025-11-17,0,1
Genk,2025-11-28,9,1
Genk,2025-12-04,28,0
Genk,2025-12-05,2,1
Genk,2025-12-12,8,0
Genk,2025-12-17,0,1
Genk,2025-12-18,11,0
Genk,2025-12-23,2,1
Genk,2026-01-09,0,1
Genk,2026-03-20,0,1
Genk,2026-04-02,0,1
Genk-Noord,2013-09-24,6,0
Gent,2003-04-29,1,0
Gent,2003-08-22,0,1
Gent,2003-11-14,1,0
Gent,2004-02-13,1,0
Gent,2004-02-16,3,0
Gent,2004-03-04,1,0
Gent,2005-01-19,1,0
Gent,2005-01-25,4,0
Gent,2005-02-23,3,0
Gent,2012-07-02,7,0
Gent,2012-07-17,0,1
Gent,2015-05-08,9,0
Gent,2017-04-26,0,1
Gent,2018-02-19,13,1
Gent,2019-08-30,14,0
Gent,2020-03-06,13,2
Gent,2020-04-16,1,0
Gent,2020-06-11,18,0
Gent,2025-09-26,6,1
Gent,2026-01-15,0,1
Gent,2026-04-10,0,1
Geraardsbergen,2010-02-26,6,0
Geraardsbergen,2010-04-07,18,0
Geraardsbergen,2016-09-08,11,1
Geraardsbergen,2019-04-26,6,1
Geraardsbergen,2026-01-29,0,1
Gijverinkhove,2017-10-06,5,1
Gistel-Moere,2014-10-15,1,0
Gistel-Moere,2014-10-20,3,0
Gistel-Moere,2014-10-21,26,0
Gistel-Moere,2014-10-22,30,0
Gistel-Moere,2014-10-24,27,0
Gistel-Moere,2014-11-26,1,0
Gistel-Moere,2015-02-20,5,0
Gistel-Moere,2015-02-23,13,0
Gistel-Moere,2015-02-25,0,1
Gistel-Moere,2015-03-27,19,0
Gistel-Moere,2015-04-16,1,0
Gistel-Moere,2019-05-24,33,0
Glabbeek,2025-12-16,0,1
Gooik-Oetingen,2015-03-10,9,0
Gooik-Oetingen,2015-03-17,1,0
Gooik-Oetingen,2017-04-11,5,0
Gooik-Oetingen,2017-04-12,7,1
Gooik-Oetingen,2017-04-13,55,1
Gooik-Oetingen,2018-03-08,4,1
Gooik-Oetingen,2023-06-22,3,0
Grimbergen,2012-03-29,10,0
Grimbergen,2013-03-28,0,1
Grimbergen,2015-08-10,16,1
Grimbergen,2016-03-10,7,1
Grimbergen,2020-10-09,20,0
Grimbergen,2020-10-12,0,1
Grimbergen,2021-04-02,5,0
Grimbergen,2021-04-22,5,1
Grimbergen,2021-04-23,1,0
Grimbergen,2021-06-02,8,0
Grimbergen,2021-08-12,12,0
Grimbergen,2021-08-13,0,1
Grimbergen,2021-09-01,7,0
Grimbergen,2021-09-03,0,1
Grimbergen,2022-02-11,24,1
Grimbergen,2023-03-09,7,1
Grimbergen,2025-04-30,6,1
Grobbendonk,2004-02-09,0,1
Grobbendonk,2005-11-28,0,1
Grobbendonk,2005-12-02,0,1
Grobbendonk,2006-02-06,0,1
Grobbendonk,2006-02-09,0,1
Grobbendonk,2006-04-06,0,1
Grobbendonk,2006-04-18,0,1
Grobbendonk,2006-04-24,0,1
Grobbendonk,2009-09-03,0,1
Grobbendonk,2010-02-23,5,0
Grobbendonk,2010-08-12,0,1
Grobbendonk,2012-02-15,11,0
Grobbendonk,2012-02-20,0,1
Grobbendonk,2012-10-10,8,0
Grobbendonk,2012-10-11,6,1
Grobbendonk,2012-12-21,4,1
Grobbendonk,2013-02-27,6,1
Grobbendonk,2013-09-20,13,0
Grobbendonk,2013-12-10,7,0
Grobbendonk,2013-12-11,19,0
Grobbendonk,2013-12-13,0,1
Grobbendonk,2013-12-20,26,1
Grobbendonk,2014-01-31,8,0
Grobbendonk,2014-02-20,8,0
Grobbendonk,2014-02-21,9,1
Grobbendonk,2014-02-25,24,0
Grobbendonk,2014-02-26,14,1
Grobbendonk,2014-04-01,5,0
Grobbendonk,2014-04-02,9,2
Grobbendonk,2014-04-09,5,1
Grobbendonk,2014-04-10,16,1
Grobbendonk,2014-04-16,16,1
Grobbendonk,2016-11-18,4,1
Grobbendonk,2019-03-25,0,1
Grobbendonk,2019-03-29,3,0
Grobbendonk,2019-04-03,0,1
Grobbendonk,2022-02-08,4,1
Grobbendonk,2023-11-30,8,2
Grobbendonk,2024-09-12,13,1
Grobbendonk,2024-09-26,30,2
Grobbendonk,2024-09-27,0,1
Grobbendonk,2025-01-22,3,0
Grobbendonk,2025-01-27,0,1
Grobbendonk,2025-09-15,6,1
Halen,2015-02-25,5,0
Halen,2015-09-29,9,0
Halen,2015-10-02,0,1
Halen,2017-08-02,7,0
Halen,2020-02-27,19,0
Halen,2020-02-28,0,1
Halen,2020-03-02,4,0
Halen,2020-03-04,6,2
Halen,2020-03-12,6,0
Halen,2020-03-13,18,0
Halen,2020-03-17,0,4
Halen,2025-04-23,30,2
Halen,2025-04-24,0,1
Halen,2025-04-29,0,1
Halen,2025-09-04,2,0
Halen,2026-03-06,0,1
Halen,2026-03-20,0,1
Halen,2026-04-02,0,1
Halle,2005-08-05,0,1
Halle,2005-09-15,1,0
Halle,2007-07-20,1,0
Halle,2009-08-11,7,0
Halle,2010-02-24,0,1
Halle,2010-05-28,2,0
Hamme,2017-02-01,5,1
Hamont,2003-08-13,0,1
Hamont,2005-12-19,0,1
Hamont,2006-07-25,0,1
Hamont,2006-07-27,0,1
Hamont,2012-05-25,21,0
Hamont,2012-07-24,1,0
Hamont,2012-07-25,5,0
Hamont,2012-07-26,6,0
Hamont,2015-02-10,1,0
Hamont,2019-03-22,32,0
Hamont,2022-02-03,3,0
Hamont,2022-02-08,0,1
Hamont,2023-10-17,25,1
Harelbeke,2001-08-30,0,1
Harelbeke,2012-08-24,5,0
Harelbeke,2014-06-27,4,0
Harelbeke,2014-10-20,1,0
Harelbeke,2014-10-24,27,0
Harelbeke,2014-10-28,9,0
Harelbeke,2022-01-25,5,0
Harelbeke,2022-01-27,0,1
Hasselt,2002-06-28,0,1
Hasselt,2006-05-02,0,1
Hasselt,2006-12-21,166,0
Hasselt,2007-04-24,121,0
Hasselt,2011-05-17,0,1
Hasselt,2012-03-20,16,0
Hasselt,2012-05-08,13,0
Hasselt,2012-05-24,19,1
Hasselt,2012-06-06,7,0
Hasselt,2013-02-05,0,3
Hasselt,2013-02-07,0,1
Hasselt,2013-02-14,0,3
Hasselt,2013-02-21,0,1
Hasselt,2013-02-22,0,1
Hasselt,2013-03-05,8,0
Hasselt,2013-03-07,10,0
Hasselt,2013-03-15,16,0
Hasselt,2013-03-22,11,1
Hasselt,2013-03-26,18,1
Hasselt,2013-03-28,17,0
Hasselt,2013-04-04,14,0
Hasselt,2013-05-24,11,0
Hasselt,2013-06-21,5,0
Hasselt,2013-06-25,5,0
Hasselt,2013-06-28,5,0
Hasselt,2013-07-02,22,0
Hasselt,2013-07-05,24,0
Hasselt,2013-07-12,27,0
Hasselt,2013-07-19,8,0
Hasselt,2013-07-23,7,0
Hasselt,2013-07-26,23,0
Hasselt,2013-08-02,23,0
Hasselt,2013-08-20,18,0
Hasselt,2013-08-28,21,0
Hasselt,2013-10-02,15,0
Hasselt,2013-10-08,35,0
Hasselt,2014-01-15,9,0
Hasselt,2014-01-16,16,1
Hasselt,2014-02-06,19,1
Hasselt,2014-02-13,17,1
Hasselt,2014-02-19,19,0
Hasselt,2014-02-20,0,1
Hasselt,2014-02-25,1,0
Hasselt,2014-02-27,18,0
Hasselt,2014-03-03,0,1
Hasselt,2014-03-14,12,1
Hasselt,2014-04-02,7,0
Hasselt,2015-02-06,1,0
Hasselt,2015-02-10,6,0
Hasselt,2017-12-21,5,1
Hasselt,2019-04-15,4,0
Hasselt,2019-04-16,0,1
Hasselt,2021-03-25,22,0
Hasselt,2021-03-30,8,0
Hasselt,2021-06-04,20,0
Heist,2003-05-22,0,1
Heist,2006-07-20,0,1
Heist,2007-01-16,0,1
Heist-Op-Den-Berg,2022-01-20,8,1
Heist-Op-Den-Berg,2025-04-15,5,0
Heldergem,2015-07-09,1,0
Helkijn,2006-02-24,0,1
Helkijn,2006-03-03,0,1
Helkijn,2006-04-07,0,1
Helkijn,2006-04-24,0,1
Helkijn,2014-02-20,12,0
Helkijn,2019-02-01,19,4
Helkijn,2019-07-05,11,0
Helkijn,2019-07-09,0,1
Herentals,2013-04-16,11,0
Herentals,2014-02-28,5,0
Herentals,2014-03-03,9,1
Herentals,2019-02-07,5,0
Herentals,2019-02-08,4,1
Herentals,2019-03-29,8,0
Herentals,2019-04-03,0,2
Herentals,2025-04-15,4,0
Hertsberge,2017-08-29,30,0
Hertsberge,2017-08-31,0,1
Heule,2023-01-27,24,0
Heule,2023-01-31,0,1
Heusden,2003-05-12,0,1
Heusden,2003-05-23,0,3
Heusden,2009-05-11,2,0
Heusden,2013-01-25,2,0
Heusden,2013-01-31,0,1
Heusden,2017-10-31,16,0
Heusden,2017-11-02,0,1
Heusden,2018-01-23,16,0
Heusden,2018-01-26,0,1
Heusden,2021-12-07,12,0
Heusden,2022-04-26,5,1
Heusden,2025-04-10,3,0
Heusden,2025-04-11,5,0
Heusden,2025-04-15,0,1
Hoegaarden,2006-12-01,128,0
Hoegaarden,2013-02-15,5,0
Hoegaarden,2013-11-14,14,1
Hoegaarden,2013-11-25,13,1
Hoegaarden,2013-12-06,24,0
Hoegaarden,2013-12-10,41,0
Hoegaarden,2013-12-11,9,0
Hoegaarden,2013-12-13,8,3
Hoegaarden,2013-12-20,30,0
Hoegaarden,2013-12-23,0,1
Hoegaarden,2017-12-15,5,0
Hoegaarden,2026-04-13,0,1
Hoegaarden-Hoksem,2019-09-25,12,1
Hoeselt,2003-07-15,0,1
Hoeselt,2007-04-13,1,0
Hoeselt,2008-03-05,3,0
Hoeselt,2014-04-07,13,0
Hoeselt,2019-10-25,8,1
Hoeselt,2019-10-29,4,0
Hoeselt,2019-10-31,0,1
Hoeselt,2019-11-22,6,0
Hooglede,2012-09-27,0,1
Hooglede,2013-06-21,5,0
Hooglede,2013-07-04,2,0
Hooglede,2013-07-08,0,1
Hooglede,2013-07-11,11,0
Hooglede,2013-07-12,10,1
Hooglede,2013-07-18,7,0
Hooglede,2013-07-23,0,1
Hooglede,2017-06-29,25,0
Hooglede,2017-07-04,0,1
Hooglede,2017-07-05,0,3
Hooglede,2017-08-17,4,0
Hooglede,2017-08-18,1,1
Hooglede,2018-02-23,20,0
Hooglede,2018-02-26,12,0
Hooglede,2018-03-01,14,0
Hooglede,2018-05-30,4,0
Hooglede,2018-06-04,0,1
Hooglede,2018-07-27,30,0
Hooglede,2018-10-10,9,0
Hooglede,2018-10-12,0,2
Hooglede,2018-11-07,23,1
Hooglede,2019-03-08,37,0
Hooglede,2019-05-02,48,0
Hooglede,2020-06-17,11,0
Hoogstraten,1980-01-01,8,0
Hoogstraten,2003-08-18,0,1
Hoogstraten,2007-01-19,1,0
Hoogstraten,2007-11-05,0,1
Hoogstraten,2011-10-25,0,1
Hoogstraten,2012-09-27,0,1
Hoogstraten,2021-06-16,22,1
Hoogstraten,2022-01-13,10,0
Hoogstraten,2022-01-18,0,1
Hoogstraten,2025-07-31,28,1
Hoogstraten,2025-08-19,13,0
Hoogstraten,2025-08-21,0,2
Hoogstraten,2025-10-08,10,0
Hoogstraten,2025-10-20,0,1
Hoogstraten,2025-10-21,7,1
Hoogstraten,2025-11-04,6,0
Hoogstraten,2025-11-13,0,1
Hoogstraten,2025-11-20,7,0
Hoogstraten,2025-11-21,0,1
Hoogstraten,2025-12-03,5,1
Hoogstraten,2026-02-11,0,1
Hoogstraten,2026-02-26,8,1
Hoogstraten,2026-03-10,0,1
Hoogstraten,2026-04-07,0,1
Hoogstraten,2026-04-13,0,1
Houthalen-Centrum,2003-07-24,0,1
Houthalen-Centrum,2007-09-12,0,1
Houthalen-Centrum,2008-01-25,0,1
Houthalen-Centrum,2012-08-23,5,0
Houthalen-Centrum,2012-08-24,0,1
Houthalen-Centrum,2014-04-30,21,1
Houthalen-Centrum,2014-05-07,29,0
Houthalen-Centrum,2014-05-08,9,1
Houthalen-Centrum,2014-05-09,22,0
Houthalen-Centrum,2014-05-12,10,2
Houthalen-Centrum,2014-05-14,54,1
Houthalen-Centrum,2014-05-15,0,1
Houthalen-Centrum,2014-05-27,13,0
Houthalen-Centrum,2014-06-04,12,1
Houthalen-Centrum,2014-06-11,0,1
Houthalen-Centrum,2014-06-20,11,0
Houthalen-Centrum,2014-06-24,0,1
Houthalen-Centrum,2014-07-03,11,0
Houthalen-Centrum,2014-07-09,28,3
Houthalen-Centrum,2014-07-29,24,1
Houthalen-Centrum,2014-08-06,20,1
Houthalen-Centrum,2014-08-08,1,0
Houthalen-Centrum,2014-08-22,3,0
Houthalen-Centrum,2015-01-16,10,0
Houthalen-Centrum,2015-03-10,10,0
Houthalen-Centrum,2015-03-11,0,1
Houthalen-Centrum,2016-04-28,6,0
Houthalen-Centrum,2016-05-10,13,0
Houthalen-Centrum,2016-05-11,4,1
Houthalen-Centrum,2016-06-22,5,0
Houthalen-Centrum,2016-06-24,0,1
Houthalen-Centrum,2016-08-19,16,0
Houthalen-Centrum,2016-08-24,6,0
Houthalen-Centrum,2017-07-11,20,0
Houthalen-Centrum,2017-07-12,35,0
Houthalen-Centrum,2017-07-13,26,2
Houthalen-Centrum,2017-07-14,0,2
Houthalen-Centrum,2017-08-23,7,0
Houthalen-Centrum,2017-08-24,7,0
Houthalen-Centrum,2017-08-25,0,1
Houthalen-Centrum,2019-04-05,2,1
Houthalen-Centrum,2019-04-09,25,2
Houthalen-Centrum,2021-01-28,4,0
Houthalen-Centrum,2023-01-10,15,1
Houthalen-Centrum,2025-01-21,12,0
Houthalen-Centrum,2025-01-22,1,1
Houthalen-Centrum,2025-01-28,5,1
Houthalen-Centrum,2025-08-29,10,0
Houthalen-Centrum,2025-09-01,0,1
Houthalen-Centrum,2025-09-05,16,1
Houthalen-Centrum,2025-10-27,7,1
Houthalen-Centrum,2025-11-25,3,0
Houthalen-Centrum,2025-11-28,6,0
Houthalen-Oost,2003-07-29,0,1
Houthalen-Oost,2012-03-30,9,0
Houthalen-Oost,2014-03-18,14,1
Houthalen-Oost,2021-01-26,5,0
Hove,2005-06-24,0,1
Hove,2010-10-06,6,0
Hove,2023-02-14,13,0
Hove,2023-02-16,0,1
Huldenberg,2003-05-22,0,1
Huldenberg,2024-10-01,15,0
Huldenberg,2024-10-02,3,1
Huldenberg,2025-10-22,5,0
Huldenberg,2025-10-24,0,1
Huldenberg,2025-11-04,12,1
Huldenberg,2025-11-20,4,0
Huldenberg,2025-11-21,0,1
Huldenberg,2025-12-05,5,1
Huldenberg,2026-01-20,0,1
Huldenberg,2026-02-11,0,1
Huldenberg,2026-02-27,0,1
Huldenberg,2026-03-12,0,1
Huldenberg,2026-04-02,0,1
Huldenberg,2026-04-13,0,1
Hulshout,2005-09-14,0,1
Hulshout,2006-02-10,0,1
Hulshout,2012-03-09,0,1
Hulshout,2012-05-04,5,0
Hulshout,2012-05-07,0,1
Hulshout,2012-06-06,6,0
Hulshout,2012-06-14,5,0
Hulshout,2012-06-15,2,0
Hulshout,2012-07-06,5,1
Hulshout,2012-07-20,0,1
Hulshout,2013-02-27,9,0
Hulshout,2013-03-04,0,1
Hulshout,2013-03-22,0,1
Hulshout,2013-05-30,4,1
Hulshout,2015-05-13,1,0
Hulshout,2025-10-14,12,0
Hulshout,2025-10-16,0,1
Hulshout,2025-10-23,14,1
Hulshout,2025-11-07,5,0
Hulshout,2025-11-14,0,1
Hulshout,2025-11-17,0,1
Hulshout,2025-12-02,6,0
Hulshout,2026-03-16,0,1
Humbeek,2017-03-03,4,1
Ieper,2005-12-05,0,1
Ieper,2011-08-05,0,1
Ieper,2011-08-09,2,0
Ieper,2014-04-04,24,1
Ieper,2015-02-23,21,1
Ieper,2017-09-29,26,2
Ieper,2017-10-04,0,1
Ieper,2017-10-05,31,0
Ieper,2017-10-09,0,2
Ieper,2025-10-27,24,1
Ieper,2025-11-13,4,0
Ieper,2025-11-17,0,1
Ieper-Hollebeek,2005-01-24,0,1
Ieper-Hollebeek,2005-09-05,0,1
Ieper-Hollebeek,2005-09-19,0,1
Ieper-Hollebeek,2018-09-07,7,1
Ieper-Hollebeek,2019-03-28,28,0
Ieper-Hollebeek,2019-04-03,0,1
Ieper-Hollebeek,2019-04-08,0,2
Ieper-Hollebeek,2019-07-16,34,1
Ieper-Hollebeek,2020-05-05,19,0
Ieper-Hollebeek,2020-05-11,0,1
Ieper-Hollebeek,2020-09-02,6,0
Ieper-Hollebeek,2020-09-03,7,0
Ieper-Hollebeek,2020-09-04,0,1
Ingelmunster,2015-04-29,9,1
Ingelmunster,2015-12-11,11,1
Ingelmunster,2025-08-13,10,0
Ingelmunster,2025-08-19,0,1
Ingelmunster,2026-01-06,0,1
Ingelmunster,2026-02-10,11,0
Ingelmunster,2026-03-03,0,1
Ingelmunster,2026-03-20,0,1
Itegem,2003-05-23,0,1
Itegem,2012-06-15,6,0
Jabbeke,2012-01-30,11,0
Jabbeke,2012-01-31,10,0
Jabbeke,2012-02-09,24,0
Jabbeke,2012-02-16,8,0
Jabbeke,2012-02-17,18,0
Jabbeke,2012-03-15,0,1
Jabbeke,2012-03-23,7,0
Jabbeke,2012-03-28,0,1
Jabbeke,2012-04-05,10,0
Jabbeke,2012-04-10,0,1
Jabbeke,2013-08-28,17,1
Jabbeke,2013-09-03,21,0
Jabbeke,2013-09-05,0,2
Jabbeke,2013-09-06,10,0
Jabbeke,2013-09-09,9,0
Jabbeke,2013-09-10,8,1
Jabbeke,2013-09-11,1,0
Jabbeke,2013-09-12,0,1
Jabbeke,2015-09-15,4,1
Jabbeke,2015-10-15,11,0
Jabbeke,2015-10-16,0,1
Jabbeke,2019-06-27,25,0
Jabbeke,2019-07-04,0,2
Jabbeke,2019-07-09,14,0
Jabbeke,2019-07-11,0,1
Jabbeke,2020-12-22,25,3
Jabbeke,2025-07-03,10,2
Jabbeke,2025-11-07,10,0
Jabbeke,2025-11-13,0,1
Kallo,2014-02-28,10,0
Kallo,2014-03-03,8,1
Kallo,2014-03-14,6,0
Kallo,2014-09-26,44,0
Kallo,2014-09-29,31,0
Kallo,2014-10-02,11,0
Kallo,2016-01-20,7,1
Kallo,2016-05-13,12,0
Kallo,2016-05-19,0,1
Kallo,2018-06-22,18,0
Kallo,2018-06-27,0,1
Kallo,2018-07-13,24,2
Kallo,2020-01-07,5,1
Kallo,2021-01-12,9,0
Kallo,2021-01-29,43,0
Kallo,2021-02-02,0,1
Kallo,2021-03-17,6,0
Kallo,2021-04-08,23,0
Kallo,2021-04-15,14,0
Kallo,2022-01-28,12,0
Kallo,2026-04-08,0,1
Kalmthout,2014-10-09,10,0
Kalmthout,2014-10-13,0,2
Kalmthout,2018-04-20,4,0
Kalmthout,2019-01-17,7,0
Kalmthout,2019-01-18,0,1
Kalmthout,2020-12-04,11,0
Kalmthout,2020-12-10,0,1
Kalmthout,2021-03-03,0,1
Kampenhout,1980-01-01,11,0
Kampenhout,2017-06-30,2,1
Kampenhout,2018-06-15,14,0
Kampenhout,2025-06-19,13,1
Keerbergen_PBSBroeklei,2017-08-23,8,0
Keerbergen_PBSBroeklei,2017-08-24,0,1
Kermt,2005-12-15,0,1
Kermt,2006-02-09,0,1
Kermt,2006-02-14,0,1
Kermt,2006-04-11,0,1
Kermt,2009-01-13,17,0
Kermt,2013-02-20,8,1
Kermt,2014-01-10,11,1
Kermt,2014-01-17,8,2
Kessenich,2005-10-10,0,1
Kessenich,2007-04-23,182,0
Kessenich,2007-05-10,2,0
Kessenich,2007-05-14,3,0
Kessenich,2013-11-29,8,0
Kessenich,2014-10-16,11,0
Kessenich,2014-10-20,5,1
Kessenich,2021-01-12,7,0
Kesterbeek,2003-05-23,0,1
Kieldrecht,2003-09-11,0,1
Kieldrecht,2004-01-02,2,0
Kieldrecht,2011-02-17,0,1
Kieldrecht,2013-09-26,10,0
Kieldrecht,2019-02-12,31,0
Kieldrecht,2019-02-13,10,0
Kieldrecht,2019-02-14,5,0
Kieldrecht,2019-02-15,119,0
Kieldrecht,2019-02-20,0,1
Kieldrecht,2019-02-22,66,0
Kieldrecht,2019-02-26,7,0
Kinrooi,2006-04-21,0,1
Kinrooi,2006-12-21,130,0
Kinrooi,2007-04-06,70,0
Kinrooi,2007-07-06,0,1
Kinrooi,2013-12-10,17,2
Kinrooi,2014-11-25,5,1
Kinrooi,2014-12-15,17,1
Kinrooi,2014-12-19,7,0
Kinrooi,2015-11-09,4,1
Kinrooi,2018-03-02,8,0
Kinrooi,2018-03-05,0,2
Kinrooi,2021-02-12,2,0
Kinrooi,2024-10-10,4,0
Kinrooi,2024-10-23,19,0
Kinrooi,2024-11-06,8,0
Kinrooi,2024-11-12,0,1
Kinrooi,2025-11-18,16,0
Kinrooi,2025-11-19,0,1
Kinrooi,2025-12-18,7,0
Kluisbergen,2007-11-08,156,0
Kluisbergen,2013-03-06,9,0
Kluisbergen,2013-06-27,17,0
Kluisbergen,2013-07-23,11,2
Knokke,2003-05-23,0,1
Koekelare,2020-09-04,13,0
Koekelare,2020-09-07,0,2
Koersel,2003-05-23,0,1
Koersel,2003-07-23,0,1
Koersel,2005-03-24,2,0
Koersel,2007-10-24,104,0
Koersel,2012-06-06,8,0
Koersel,2012-12-05,9,1
Koersel,2013-03-06,0,1
Koersel,2014-02-26,9,0
Koersel,2014-03-18,0,1
Koersel,2018-10-18,45,0
Koersel,2018-10-19,20,3
Koersel,2021-03-11,6,0
Koersel,2022-03-24,12,0
Koersel,2022-04-08,15,0
Koersel,2022-04-12,8,0
Koersel,2022-04-14,9,0
Koersel,2022-04-15,13,0
Koersel,2022-06-02,11,1
Koersel,2023-04-18,11,0
Kortemark,2007-11-15,128,0
Kortemark,2014-11-27,10,1
Kortemark,2018-04-16,7,1
Kortemark,2021-02-23,12,0
Kortemark,2021-04-23,6,0
Kortemark,2026-02-10,0,1
Kortenaken_K_M,2025-04-30,5,1
Kortenaken_K_M,2025-12-11,29,0
Kortenaken_K_M,2025-12-17,0,1
Kortenaken_K_M,2026-01-30,4,1
Kortenberg,2017-03-03,5,1
Kortenberg,2017-04-12,15,1
Kortenberg,2023-03-23,12,1
Kortenberg,2025-11-13,0,2
Kruibeke,2016-10-14,16,0
Kruibeke,2016-10-18,0,1
Kruiseke,2011-10-06,0,1
Kruiseke,2011-10-10,0,1
Kruishoutem,2012-12-11,0,1
Kruishoutem,2013-03-06,9,0
Kruishoutem,2013-04-16,10,0
Laarne,2010-05-03,0,1
Laarne,2010-05-28,0,1
Laarne,2010-07-02,0,1
Lanaken,2005-12-14,0,1
Lanaken,2006-08-30,0,1
Lanaken,2006-11-21,19,0
Lanaken,2006-12-08,35,0
Lanaken,2007-11-08,133,0
Lanaken,2010-01-11,0,1
Lanaken,2010-07-01,0,1
Lanaken,2014-12-16,4,0
Lanaken,2018-04-18,7,0
Landen,2007-06-28,0,1
Landen,2012-04-23,0,1
Landen-Emiksem,2014-03-25,9,0
Landen-Emiksem,2026-01-22,5,0
Landen-Emiksem,2026-01-23,6,0
Landen-Emiksem,2026-01-26,0,1
Landen-Rumsdorp,2013-11-14,7,1
Landen-Rumsdorp,2013-11-20,6,0
Landen-Rumsdorp,2013-11-25,0,1
Landen-Rumsdorp,2016-09-28,12,0
Landen-Rumsdorp,2017-01-18,44,0
Landen-Rumsdorp,2017-01-19,14,0
Landen-Rumsdorp,2017-01-20,4,0
Landen-Rumsdorp,2017-01-23,12,0
Landen-Rumsdorp,2017-01-24,7,5
Landen-Rumsdorp,2017-01-25,0,3
Landen-Rumsdorp,2017-01-26,17,3
Landen-Rumsdorp,2017-04-10,9,0
Landen-Rumsdorp,2017-04-12,0,1
Landen-Rumsdorp,2017-08-04,6,0
Landen-Rumsdorp,2017-08-09,0,1
Langemark,2013-03-26,0,1
Latem,2019-10-25,49,0
Latem,2019-10-28,0,2
Latem,2020-05-26,10,1
Latem,2020-05-27,7,0
Latem,2020-06-24,5,1
Latem,2020-09-01,44,0
Latem,2020-09-02,3,0
Latem,2020-09-03,0,1
Lebbeke-Rooien,2005-09-15,1,0
Lebbeke-Rooien,2008-05-13,4,0
Lebbeke-Rooien,2008-05-16,33,0
Lebbeke-Rooien,2008-05-19,24,1
Lebbeke-Rooien,2009-05-26,3,0
Lebbeke-Rooien,2009-05-29,0,1
Lede,2013-01-11,0,1
Lede,2025-05-14,7,0
Lede,2025-05-16,0,1
Ledegem,2011-11-25,5,1
Ledegem,2016-05-13,11,0
Ledegem,2016-05-17,11,0
Ledegem,2016-05-18,0,2
Ledegem,2016-05-25,11,0
Ledegem,2016-05-26,0,1
Ledegem,2019-11-07,9,0
Ledegem,2019-11-12,0,1
Ledegem,2019-12-05,27,0
Ledegem,2019-12-09,6,0
Ledegem,2019-12-11,0,4
Ledegem,2019-12-12,14,0
Ledegem,2019-12-13,0,2
Ledegem,2019-12-18,6,0
Ledegem,2019-12-19,6,0
Ledegem,2020-01-10,6,0
Ledegem,2020-01-13,0,1
Ledegem,2020-01-15,20,0
Ledegem,2020-01-16,14,0
Ledegem,2020-01-21,0,3
Ledegem,2020-01-29,33,0
Ledegem,2020-01-30,63,1
Ledegem,2020-02-04,0,1
Ledegem,2020-02-13,6,1
Ledegem,2020-04-21,7,0
Ledegem,2020-04-24,0,1
Ledegem,2021-11-10,17,0
Leentje test,2022-11-28,2,1
Lembeek,2005-07-20,0,1
Leuven,2003-05-23,0,2
Leuven,2003-11-17,0,1
Leuven,2003-12-11,0,1
Leuven,2004-02-09,0,1
Leuven,2004-04-02,0,1
Leuven,2004-04-20,0,1
Leuven,2004-06-18,0,1
Leuven,2006-04-06,0,1
Leuven,2007-05-10,0,1
Leuven,2012-08-30,6,0
Leuven,2012-09-05,0,1
Leuven,2012-10-05,11,1
Leuven,2013-08-03,2,0
Leuven,2015-03-02,2,0
Leuven,2015-05-13,1,0
Leuven,2015-08-10,4,1
Leuven,2015-12-04,9,1
Leuven,2016-01-19,47,0
Leuven,2016-01-20,0,3
Leuven,2016-01-27,8,1
Leuven,2016-02-16,5,0
Leuven,2016-02-17,0,1
Leuven,2016-05-25,5,0
Leuven,2016-05-26,19,1
Leuven,2016-05-27,8,0
Leuven,2016-09-14,5,0
Leuven,2016-10-28,5,0
Leuven,2016-11-02,0,1
Leuven,2017-01-25,10,0
Leuven,2017-02-16,5,0
Leuven,2018-03-14,4,0
Leuven,2023-12-06,5,0
Leuven,2025-06-19,7,0
Leuven,2025-10-15,4,0
Leuven,2025-10-17,8,0
Leuven,2025-11-13,0,1
Leuven,2025-11-28,9,1
Leuven,2025-12-02,2,0
Leuven,2025-12-09,6,0
Leuven,2025-12-12,6,0
Leuven,2025-12-17,0,1
Leuven,2026-01-09,0,1
Leuven,2026-01-26,0,1
Leuven,2026-03-16,0,1
Leuven,2026-03-17,0,1
Leuven-Sharon,2016-04-13,39,0
Leuven-Sharon,2016-04-26,0,1
Leuven-Sharon,2016-05-27,0,1
Leuven-Sharon,2017-04-05,28,0
Leuven-Sharon,2017-04-10,15,1
Leuven-Sharon,2018-07-12,4,1
Lichtaart,2006-04-18,0,1
Lichtaart,2007-04-10,0,1
Lichtaart,2007-04-17,0,1
Lichtaart,2007-05-16,0,1
Lichtaart,2020-05-06,2,0
Lichtaart,2020-12-15,9,0
Lichtaart,2020-12-16,0,2
Lichtaart,2020-12-17,6,0
Lichtaart,2021-01-07,12,0
Lichtaart,2021-01-08,15,0
Lichtaart,2021-01-12,13,7
Lichtaart,2021-01-15,5,0
Lichtaart,2021-01-19,0,1
Lichtaart,2022-01-25,10,0
Lichtaart,2022-02-09,8,0
Lichtaart,2022-02-22,0,1
Lichtaart,2023-04-25,5,0
Lichtaart,2024-08-05,0,1
Lichtaart,2025-12-05,6,1
Lichtaart,2025-12-23,0,1
Lichtaart,2026-01-19,0,1
Lichtaart,2026-01-30,0,1
Lichtaart,2026-02-26,0,1
Lichtaart,2026-03-12,0,1
Lichtaart,2026-04-09,0,1
Liedekerke,2005-04-20,1,0
Liedekerke,2010-04-21,0,1
Liedekerke,2012-06-15,2,0
Liedekerke,2015-10-07,8,0
Liedekerke,2015-10-08,4,1
Liedekerke,2016-06-22,4,0
Liedekerke,2016-06-24,0,1
Liedekerke,2016-09-06,6,0
Liedekerke,2017-06-16,3,0
Liedekerke,2017-06-21,0,1
Liedekerke,2021-11-18,11,0
Liedekerke,2021-11-23,0,1
Liedekerke,2022-01-27,7,1
Liedekerke,2024-08-22,0,1
Lier,2007-03-02,123,0
Lier,2014-03-14,5,0
Loenhout,2015-06-12,9,0
Loenhout,2016-08-09,10,0
Loenhout,2022-02-08,17,0
Loenhout,2022-02-15,0,1
Loker,1980-01-01,4,0
Loker,2018-04-27,1,0
Loker,2018-05-30,4,0
Loker,2018-06-05,0,1
Loker,2019-04-05,1,0
Loker,2019-06-28,14,1
Loker,2019-07-11,28,0
Loker,2019-07-12,32,1
Loker,2019-08-08,4,0
Loker,2020-04-29,15,0
Loker,2020-05-12,0,1
Loker,2023-06-22,6,1
Loker,2024-08-02,0,3
Loker,2024-08-09,0,2
Loker,2024-08-23,7,0
Loker,2025-08-28,0,2
Loker,2025-10-01,19,1
Loker,2026-03-16,56,1
Lokeren,2010-09-22,0,1
Lokeren,2025-10-08,4,0
Lokeren,2025-10-20,0,1
Lokeren,2025-10-21,5,0
Lokeren,2025-10-22,0,1
Lokeren,2025-11-04,0,1
Lokeren,2025-11-20,4,0
Lokeren,2025-11-21,0,1
Lokeren,2025-12-03,6,1
Lokeren,2025-12-16,0,1
Lokeren,2026-02-11,0,1
Lokeren,2026-03-10,0,1
Lokeren,2026-04-09,0,1
Lokeren-Doorselaer,2013-09-24,9,0
Lokeren-Doorselaer,2013-10-01,15,1
Lokeren-Doorselaer,2013-10-02,7,1
Lokeren-Doorselaer,2019-01-30,1,0
Lokeren-Doorselaer,2019-12-06,8,0
Lokeren-Doorselaer,2026-04-23,4,1
Lommel,2003-05-26,0,1
Lommel,2003-08-14,0,1
Lommel,2011-11-24,0,1
Lommel,2012-03-23,11,0
Lommel,2012-03-28,11,0
Lommel,2014-02-05,8,0
Lommel,2014-02-06,15,0
Lommel,2014-02-12,18,1
Lommel,2014-03-06,5,0
Lommel,2016-03-25,5,1
Lommel,2016-04-14,12,0
Lommel,2016-04-15,0,1
Lommel,2017-03-02,14,1
Lommel,2017-04-14,15,1
Lommel,2017-05-23,6,1
Lommel,2017-06-14,31,2
Lommel,2017-06-16,3,0
Lommel,2017-07-05,3,0
Lommel,2017-07-07,16,0
Lommel,2017-07-11,7,4
Lommel,2017-07-12,9,4
Lommel,2017-07-14,10,2
Lommel,2017-07-17,0,1
Lommel,2017-07-18,0,1
Lommel,2017-12-01,4,0
Lommel,2017-12-04,4,0
Lommel,2017-12-05,0,1
Lommel,2017-12-07,9,0
Lommel,2017-12-11,0,1
Lommel,2019-08-14,4,0
Lommel,2020-08-11,13,0
Lommel,2020-08-12,19,0
Lommel,2020-08-13,33,1
Lommel,2020-08-18,0,2
Lommel,2021-04-13,7,0
Lommel,2021-04-15,0,1
Lommel,2022-09-27,8,0
Lommel,2023-12-06,3,0
Lommel,2025-07-02,5,0
Lommel,2025-07-03,0,2
Lommel,2025-10-09,30,1
Lommel,2025-10-10,6,0
Lommel,2025-10-13,34,2
Lommel,2025-10-14,7,1
Londerzeel,2013-03-21,0,1
Londerzeel,2013-03-22,0,1
Londerzeel,2017-11-29,9,0
Londerzeel,2017-12-01,0,1
Londerzeel,2019-09-03,5,1
Londerzeel,2019-10-15,6,1
Lozen,2005-09-26,0,1
Lozen,2005-10-25,0,1
Lozen,2024-09-19,14,1
Lummen-Geneiken,2009-08-27,0,1
Lummen-Geneiken,2009-10-21,0,1
Lummen-Geneiken,2010-04-06,0,1
Lummen-Geneiken,2010-09-24,2,0
Lummen-Geneiken,2011-01-12,0,1
Lummen-Geneiken,2011-03-10,0,1
Maarkedal-Oudenhove,2019-01-30,30,0
Maarkedal-Oudenhove,2019-01-31,0,4
Maarkedal-Oudenhove,2022-01-06,16,1
Maarkedal-Oudenhove,2025-09-02,4,0
Maarkedal-Oudenhove,2025-09-04,2,0
Maarkedal-Oudenhove,2025-09-05,0,1
Maldegem,2018-11-30,10,0
Maldegem,2018-12-03,7,0
Maldegem,2018-12-07,0,1
Maldegem,2019-09-19,31,1
Maldegem,2019-09-27,5,0
Maldegem,2019-09-30,0,1
Maldegem,2025-02-04,19,1
Maldegem,2026-04-13,0,1
Malle,2007-02-02,94,0
Malle,2015-03-24,11,0
Malle,2015-03-26,0,1
Malle,2021-02-18,9,0
Malle,2021-03-11,6,0
Malle,2021-03-18,0,2
Malle,2021-06-08,8,0
Malle,2021-06-09,0,1
Malle,2021-08-11,7,0
Malle,2021-12-01,29,0
Malle,2021-12-03,4,0
Malle,2022-05-03,12,1
Malle,2024-08-13,0,1
Mechelen-Noord,1980-01-01,7,0
Mechelen-Noord,2004-09-22,0,1
Mechelen-Noord,2004-10-14,0,1
Mechelen-Noord,2006-03-14,0,1
Mechelen-Noord,2006-12-07,0,1
Mechelen-Noord,2007-01-22,0,1
Mechelen-Noord,2010-04-27,0,2
Mechelen-Noord,2012-06-13,0,1
Mechelen-Noord,2013-10-15,0,3
Mechelen-Noord,2016-05-25,6,0
Mechelen-Noord,2016-05-26,0,1
Mechelen-Noord,2016-06-01,7,0
Mechelen-Noord,2016-06-03,12,2
Mechelen-Noord,2016-06-08,16,2
Mechelen-Noord,2017-01-17,9,0
Mechelen-Noord,2017-01-20,0,1
Mechelen-Noord,2017-03-20,9,1
Mechelen-Noord,2018-10-05,32,1
Mechelen-Noord,2018-10-08,0,1
Mechelen-Noord,2018-10-12,16,0
Mechelen-Noord,2018-11-14,7,0
Mechelen-Noord,2018-11-15,0,1
Mechelen-Noord,2018-11-22,11,0
Mechelen-Noord,2018-11-27,0,1
Mechelen-Noord,2019-01-31,24,0
Mechelen-Noord,2019-02-05,42,0
Mechelen-Noord,2019-02-06,38,3
Mechelen-Noord,2019-02-07,0,1
Mechelen-Noord,2019-02-19,25,0
Mechelen-Noord,2019-02-20,43,0
Mechelen-Noord,2019-02-21,36,0
Mechelen-Noord,2019-02-26,12,0
Mechelen-Noord,2019-03-15,7,1
Mechelen-Noord,2019-03-29,33,0
Mechelen-Noord,2019-04-05,0,4
Mechelen-Noord,2019-04-23,4,0
Mechelen-Noord,2019-05-14,44,0
Mechelen-Noord,2019-05-17,0,2
Mechelen-Noord,2019-05-28,35,0
Mechelen-Noord,2019-05-29,17,0
Mechelen-Noord,2019-06-04,32,0
Mechelen-Noord,2019-06-07,14,0
Mechelen-Noord,2019-06-28,0,1
Mechelen-Noord,2019-07-17,40,1
Mechelen-Noord,2019-08-02,50,0
Mechelen-Noord,2019-08-06,7,1
Mechelen-Noord,2019-08-21,30,0
Mechelen-Noord,2019-08-22,0,1
Mechelen-Noord,2019-09-04,4,0
Mechelen-Noord,2019-09-06,0,1
Mechelen-Noord,2019-09-17,17,1
Mechelen-Noord,2019-10-17,16,0
Mechelen-Noord,2019-10-18,36,1
Mechelen-Noord,2019-10-24,6,0
Mechelen-Noord,2019-10-25,16,1
Mechelen-Noord,2019-11-07,23,0
Mechelen-Noord,2019-11-12,0,3
Mechelen-Noord,2019-11-15,7,0
Mechelen-Noord,2019-11-21,29,0
Mechelen-Noord,2019-11-26,31,0
Mechelen-Noord,2019-11-28,0,1
Mechelen-Noord,2019-12-12,15,0
Mechelen-Noord,2019-12-13,11,2
Mechelen-Noord,2020-02-13,41,0
Mechelen-Noord,2020-02-19,15,3
Mechelen-Noord,2020-04-21,1,0
Mechelen-Noord,2020-04-28,20,0
Mechelen-Noord,2020-05-01,0,2
Mechelen-Noord,2020-06-24,19,0
Mechelen-Noord,2020-06-25,7,0
Mechelen-Noord,2020-06-26,4,0
Mechelen-Noord,2020-07-01,49,0
Mechelen-Noord,2020-07-08,66,0
Mechelen-Noord,2020-07-10,66,0
Mechelen-Noord,2020-08-04,37,0
Mechelen-Noord,2020-09-09,18,0
Mechelen-Noord,2020-10-07,14,0
Mechelen-Noord,2020-11-06,2,0
Mechelen-Noord,2020-12-08,14,0
Mechelen-Noord,2021-01-12,6,0
Mechelen-Noord,2021-01-15,8,0
Mechelen-Noord,2021-04-14,8,0
Mechelen-Noord,2021-05-20,11,0
Mechelen-Noord,2021-06-02,17,0
Mechelen-Noord,2021-06-18,10,0
Mechelen-Noord,2021-07-01,24,1
Mechelen-Noord,2021-07-13,13,0
Mechelen-Noord,2021-08-10,7,0
Mechelen-Noord,2021-08-11,0,1
Mechelen-Noord,2021-09-28,17,2
Mechelen-Noord,2021-10-14,14,1
Mechelen-Noord,2021-11-03,10,0
Mechelen-Noord,2021-11-04,4,0
Mechelen-Noord,2021-11-23,0,2
Mechelen-Noord,2021-12-02,17,0
Mechelen-Noord,2021-12-14,0,1
Mechelen-Noord,2022-05-05,34,0
Mechelen-Noord,2022-05-06,5,0
Mechelen-Noord,2022-05-09,1,1
Mechelen-Noord,2025-01-23,22,0
Mechelen-Noord,2025-01-24,18,0
Mechelen-Noord,2025-01-27,0,1
Mechelen-Noord,2025-01-30,0,1
Mechelen-Noord,2025-01-31,31,0
Mechelen-Noord,2025-02-03,0,6
Mechelen-Noord,2025-02-20,37,1
Mechelen-Noord,2025-03-11,18,0
Mechelen-Noord,2025-03-13,0,1
Mechelen-Noord,2025-06-17,27,0
Mechelen-Noord,2025-06-20,12,0
Mechelen-Noord,2025-06-23,0,2
Mechelen-Noord,2025-06-24,10,0
Mechelen-Noord,2025-10-15,3,0
Mechelen-Noord,2025-10-17,5,0
Mechelen-Noord,2025-10-22,5,0
Mechelen-Noord,2026-01-20,7,1
Mechelen-Noord,2026-01-30,6,1
Meer,2001-12-07,0,1
Meer,2005-08-19,0,1
Meer,2005-09-16,0,1
Meer,2005-11-15,0,1
Meer,2005-11-21,0,2
Meer,2005-11-23,0,1
Meer,2006-01-13,0,1
Meer,2010-04-15,0,2
Meer,2012-04-20,0,2
Meer,2014-03-07,21,0
Meer,2015-07-17,10,0
Meer,2015-07-22,5,1
Meer,2015-10-15,8,0
Meer,2015-10-16,15,0
Meer,2015-10-19,0,1
Meer,2015-10-21,13,0
Meer,2015-10-23,0,1
Meer,2016-01-15,6,0
Meer,2016-09-02,2,0
Meer,2017-02-08,19,1
Meer,2017-05-08,4,0
Meer,2017-08-18,11,0
Meer,2017-08-23,0,1
Meer,2018-08-03,15,0
Meer,2018-12-07,6,0
Meer,2018-12-12,0,1
Meer,2019-02-20,14,0
Meer,2019-02-21,0,2
Meer,2019-03-15,20,1
Meer,2020-10-23,12,0
Meer,2020-10-27,35,1
Meer,2021-04-01,11,0
Meer,2021-11-09,7,2
Meer,2025-08-26,7,0
Meer,2025-08-28,0,2
Meise-Oppem,2016-11-17,26,0
Meise-Oppem,2016-11-28,0,2
Melsbroek,2015-02-02,1,0
Melsbroek,2016-05-11,24,1
Menen,2006-04-26,0,1
Menen,2020-04-09,31,0
Menen,2020-04-15,0,1
Menen,2020-11-20,8,0
Menen,2020-11-23,0,1
Menen,2020-11-25,5,0
Menen,2020-12-18,13,0
Menen,2021-04-09,14,0
Menen,2021-04-13,7,1
Menen,2021-06-10,4,1
Menen,2021-06-25,6,0
Menen,2021-07-16,13,0
Menen,2021-07-19,0,1
Menen,2021-08-04,4,0
Menen,2021-08-06,0,1
Menen,2022-02-09,24,0
Menen,2022-02-10,7,0
Menen,2022-02-15,6,2
Menen,2022-03-15,26,4
Menen,2022-05-24,9,2
Menen,2022-12-06,17,0
Menen,2022-12-08,120,0
Menen,2022-12-15,12,5
Menen,2022-12-16,2,0
Menen,2024-09-17,17,0
Menen,2024-09-18,6,3
Menen,2024-11-06,4,0
Menen,2024-11-07,1,0
Menen,2024-11-12,0,1
Merchtem,2017-07-03,0,1
Merchtem,2020-03-20,0,1
Merchtem,2025-05-09,26,0
Merchtem,2025-09-09,5,1
Merelbeke,2013-06-28,5,0
Merelbeke,2013-07-22,4,0
Merelbeke,2013-07-23,0,1
Merelbeke,2014-10-24,9,0
Merelbeke,2014-10-28,0,2
Merelbeke,2017-10-17,2,0
Merelbeke,2017-10-31,11,0
Merelbeke,2017-11-02,0,1
Merelbeke,2017-11-07,8,0
Merelbeke,2017-11-08,13,2
Merelbeke,2017-11-16,6,0
Merelbeke,2018-01-23,13,0
Merelbeke,2018-02-07,8,0
Merelbeke,2018-05-15,4,0
Merelbeke,2018-05-16,0,1
Merelbeke,2018-07-18,6,0
Merelbeke,2018-09-25,6,0
Merelbeke,2018-09-26,0,2
Merelbeke,2018-11-29,6,0
Merelbeke,2019-04-26,12,0
Merelbeke,2019-05-03,16,2
Merelbeke,2019-06-19,7,0
Merelbeke,2019-06-20,9,0
Merelbeke,2019-06-24,29,0
Merelbeke,2019-06-25,12,0
Merelbeke,2019-06-27,4,0
Merelbeke,2019-06-28,0,1
Merelbeke,2019-09-18,25,0
Merelbeke,2019-10-04,6,0
Merelbeke,2019-10-22,5,0
Merelbeke,2019-10-24,6,1
Merelbeke,2019-11-07,7,0
Merelbeke,2019-11-12,0,1
Merelbeke,2020-06-30,2,0
Merelbeke,2020-07-03,0,1
Merelbeke,2020-08-13,7,0
Merelbeke,2020-10-13,14,0
Merelbeke,2021-06-08,6,0
Merelbeke,2021-06-29,6,0
Merelbeke,2021-07-20,8,1
Merelbeke,2021-10-26,21,0
Merelbeke,2021-11-09,8,0
Merelbeke,2022-02-10,17,0
Merelbeke,2024-10-01,2,0
Merksem,2007-01-19,140,0
Merksem,2007-07-20,2,0
Merksem,2012-06-21,5,0
Merksem,2012-06-28,0,1
Merksem,2014-01-10,16,0
Merksem,2014-01-14,0,1
Merksem,2015-09-22,1,0
Merksem,2016-09-02,2,0
Merksem,2016-09-05,26,0
Merksem,2016-12-14,10,0
Merksem,2016-12-15,0,1
Merksem,2019-04-04,6,0
Merksem,2020-08-14,15,0
Merksem,2020-08-18,0,1
Merksem,2020-09-16,3,1
Merksem,2022-03-10,9,1
Merksem,2022-03-24,18,1
Merksem,2022-11-10,10,2
Merksplas,2009-08-20,6,0
Merksplas,2009-08-27,3,0
Merksplas,2009-08-28,0,1
Merksplas,2014-10-22,1,0
Merksplas,2014-10-23,1,0
Merksplas,2017-09-08,5,1
Merksplas,2021-04-27,15,0
Merksplas,2024-08-28,8,0
Merksplas,2024-09-25,8,0
Merksplas,2024-09-27,0,1
Merksplas,2024-10-23,13,0
Merksplas,2024-11-06,9,0
Merksplas,2024-11-19,0,1
Mesen,2020-04-09,13,1
Mesen,2021-01-15,9,0
Messelbroek,2012-06-27,6,0
Messelbroek,2020-06-12,2,0
Messelbroek,2020-08-14,15,0
Messelbroek,2020-08-18,0,1
Messelbroek,2022-03-15,4,1
Moelingen,2024-10-09,6,0
Moelingen,2024-10-11,0,1
Moelingen,2025-04-23,7,0
Moelingen,2025-04-24,0,1
Moerbeke,2003-06-12,0,1
Moerbeke,2018-03-14,9,0
Moerbeke,2025-05-27,0,1
Moerbeke,2026-01-08,29,0
Moerbeke,2026-01-09,0,1
Moerbeke-Kruisstraat,2008-09-15,80,0
Moerbeke-Kruisstraat,2008-09-16,30,0
Moerbeke-Kruisstraat,2008-09-17,8,0
Moerbeke-Kruisstraat,2014-10-29,14,1
Mol,2003-03-31,0,1
Mol,2004-01-12,0,1
Mol,2005-08-22,0,1
Mol,2006-04-27,0,1
Mol,2006-05-12,0,1
Mol,2019-05-29,10,0
Mol,2019-06-03,23,0
Mol,2019-06-17,0,1
Mol,2020-02-03,18,0
Mol,2020-02-04,0,1
Mol,2024-10-03,9,0
Mol,2025-01-24,9,0
Mol,2025-01-27,0,1
Mol,2025-04-24,6,0
Mol,2025-04-25,3,0
Mol,2025-04-29,0,1
Mol,2025-08-14,7,0
Mol,2025-08-21,0,1
Mol,2025-09-17,9,0
Mol,2025-09-22,0,1
Mol,2025-10-10,7,0
Mol,2025-10-15,0,1
Mol,2025-12-05,7,1
Mol,2026-02-09,0,1
Mol,2026-03-13,0,1
Mol,2026-04-03,0,1
Mol,2026-04-24,28,1
Mol-Postel,2015-11-13,4,0
Mol-Postel,2015-11-16,0,1
Moorslede,2013-09-26,11,1
Moorslede,2017-04-21,25,0
Moorslede,2017-04-25,0,1
Moorslede,2018-07-25,6,0
Moorslede,2018-07-27,5,0
Moorslede,2019-02-08,7,0
Moorslede,2019-08-28,7,1
Moorslede,2019-08-29,0,2
Moorslede,2020-02-27,23,0
Morkhoven,2003-05-28,0,3
Morkhoven,2008-02-21,0,1
Morkhoven,2008-06-26,18,0
Morkhoven,2008-06-27,16,0
Morkhoven,2008-07-04,0,1
Morkhoven,2012-05-16,8,0
Morkhoven,2012-06-28,5,1
Morkhoven,2012-10-04,17,0
Morkhoven,2012-10-11,0,1
Morkhoven,2017-02-08,14,1
Morkhoven,2017-02-10,11,0
Morkhoven,2017-02-15,21,0
Morkhoven,2017-02-16,0,1
Morkhoven,2017-06-20,5,1
Morkhoven,2020-10-30,8,0
Morkhoven,2020-11-06,0,1
Morkhoven,2020-12-04,15,0
Morkhoven,2020-12-10,0,1
Morkhoven,2021-06-24,16,0
Morkhoven,2021-06-25,0,1
Morkhoven,2021-08-05,14,0
Morkhoven,2021-08-06,0,1
Morkhoven,2021-08-11,0,1
Morkhoven,2021-09-02,7,0
Morkhoven,2021-09-03,0,1
Neeroeteren,2003-05-22,0,1
Neeroeteren,2006-06-14,0,1
Neeroeteren,2006-08-22,0,1
Neeroeteren,2014-01-10,8,0
Neeroeteren,2014-01-14,0,1
Neeroeteren,2016-04-01,18,0
Neeroeteren,2016-04-05,14,1
Neeroeteren,2016-04-06,0,1
Neeroeteren,2018-06-29,4,1
Neeroeteren,2018-07-03,12,0
Neeroeteren,2019-03-27,18,0
Neeroeteren,2019-04-11,5,0
Neeroeteren,2020-02-07,15,0
Neeroeteren,2020-02-27,8,1
Neeroeteren,2021-01-12,7,0
Neeroeteren,2021-01-14,0,1
Neeroeteren,2021-01-15,11,1
Neeroeteren,2021-01-28,5,0
Neeroeteren,2021-02-03,6,0
Neeroeteren,2023-06-27,6,0
Neeroeteren,2023-11-09,14,1
Neervelp,2007-02-28,0,1
Neervelp,2015-10-07,6,0
Neervelp,2015-10-09,0,1
Neervelp,2018-03-16,4,0
Neervelp,2021-06-09,24,0
Neervelp,2021-06-10,0,1
Negenmanneke,2006-12-18,0,1
Nerem - Borgloon,2003-07-03,0,1
Nerem - Borgloon,2003-07-10,0,1
Nerem - Borgloon,2006-07-18,0,1
Nerem - Borgloon,2018-09-13,6,0
Nerem - Borgloon,2018-09-27,14,0
Nerem - Borgloon,2018-09-28,16,0
Nerem - Borgloon,2018-10-02,0,1
Nevele,2003-09-01,0,1
Nevele,2006-04-24,0,1
Nevele,2018-08-31,2,0
Nevele,2020-04-10,8,1
Nevele,2020-08-26,7,0
Nevele,2021-08-09,6,1
Nieuwerkerken_Wyer,2017-05-12,12,1
Nieuwerkerken_Wyer,2021-02-09,9,0
Nieuwkerken,2018-10-24,11,1
Nijlen,2005-11-15,0,1
Nijlen,2005-11-18,0,1
Nijlen,2013-02-21,0,1
Nijlen,2014-06-06,4,0
Nijlen,2019-03-29,2,0
Nijlen,2019-07-11,15,2
Nijlen,2019-07-12,0,1
Ninove,2003-10-10,0,1
Ninove,2004-10-19,0,1
Ninove,2006-05-18,0,1
Ninove,2007-08-09,0,2
Ninove,2007-08-13,0,1
Ninove,2007-10-03,167,0
Ninove,2013-02-28,0,1
Ninove,2013-03-04,0,1
Ninove,2013-03-05,0,1
Ninove,2015-08-27,4,0
Ninove,2016-04-08,12,2
Ninove,2025-03-28,14,1
Ninove,2026-04-10,0,1
Ninove-Rendestede,2016-08-10,31,1
Ninove-Rendestede,2016-08-11,10,3
Olsene,2025-11-03,0,1
Oostende,2006-05-29,0,1
Oostende,2012-03-05,10,0
Oostende,2012-10-09,0,1
Oostende,2013-03-06,0,1
Oostende,2013-03-08,0,1
Oostende,2013-03-15,0,1
Oostende,2013-09-10,5,2
Oostende,2016-06-29,20,2
Oostende,2016-07-01,0,1
Oostende,2019-05-03,8,0
Oostende,2022-02-22,8,1
Oostende,2022-03-01,7,0
Oosterzele,2012-03-14,4,0
Oosterzele,2012-03-20,0,1
Oosterzele,2012-06-06,3,0
Oosterzele,2019-09-25,9,0
Oosterzele,2019-09-26,8,2
Oplinter,2013-09-30,15,0
Oplinter,2013-10-02,9,1
Oplinter,2017-10-31,16,1
Oplinter,2021-09-15,10,0
Oplinter,2021-09-21,0,1
Oplinter,2022-03-15,7,0
Oplinter,2022-03-17,7,1
Oud-Heverlee,2012-04-24,0,1
Oud-Heverlee,2012-11-15,2,1
Oud-Heverlee,2012-11-20,0,2
Oud-Heverlee,2012-11-22,0,1
Oud-Heverlee,2014-01-10,6,0
Oud-Heverlee,2014-01-14,3,1
Oud-Heverlee,2014-05-20,9,0
Oud-Heverlee,2015-01-30,13,0
Oud-Heverlee,2015-12-03,4,0
Oud-Heverlee,2018-06-08,6,0
Oud-Heverlee,2018-06-11,0,1
Oud-Turnhout,2019-11-13,2,1
Oud-Turnhout,2020-09-23,7,0
Oud-Turnhout,2020-09-24,5,1
Oud-Turnhout,2021-10-19,9,0
Oud-Turnhout,2021-10-21,0,1
Oud-Turnhout,2021-11-25,10,0
Oud-Turnhout,2021-12-07,7,0
Oud-Turnhout,2022-03-15,5,0
Oud-Turnhout,2022-03-17,6,1
Oud-Turnhout,2025-08-19,17,0
Oud-Turnhout,2025-08-21,10,1
Oudenaarde,2018-06-22,6,0
Oudenaarde,2021-07-06,34,1
Oudenaarde,2021-07-09,24,1
Ouwegem,2020-11-25,14,0
Ouwegem,2020-12-16,3,0
Ouwegem,2020-12-17,0,1
Ouwegem,2021-10-26,2,0
Ouwegem,2021-10-28,0,1
Overpelt,2014-03-06,12,0
Overpelt,2017-02-17,5,0
Overpelt,2017-02-21,2,0
Overpelt,2017-11-14,4,0
Overpelt,2017-11-17,2,1
Overschelde,2005-09-05,0,1
Overschelde,2006-02-10,0,1
Overschelde,2006-04-14,0,1
Overschelde,2008-03-05,2,0
Overschelde,2020-08-25,7,0
Overschelde,2023-01-26,7,0
Overschelde,2023-01-31,0,1
Parike,2019-08-09,4,1
Parike,2020-10-01,8,0
Parike,2020-10-02,6,1
Parike,2020-12-11,18,2
Parike,2021-02-05,6,0
Parike,2021-02-08,0,1
Parike,2021-10-26,7,1
Parike,2026-02-25,6,1
Peer,2003-08-20,0,1
Pervijze,2008-01-25,0,1
Pervijze,2019-07-22,3,1
Pittem,1980-01-01,7,0
Pittem,2013-02-27,0,1
Pittem,2016-09-22,12,0
Pittem,2018-03-02,9,0
Pittem,2018-03-05,9,1
Pittem,2018-03-07,4,0
Pittem,2018-12-07,12,0
Pittem,2018-12-12,0,1
Pittem,2020-04-07,15,1
Pittem,2020-04-23,7,1
Pittem,2020-06-10,7,0
Pittem,2020-06-12,10,0
Pittem,2020-06-15,0,1
Pittem,2022-09-15,6,0
Pittem,2022-09-20,0,1
Pittem,2025-01-20,16,1
Pittem,2025-11-28,3,0
Pittem,2025-12-19,0,2
Poperinge,2013-06-11,25,1
Poperinge,2013-08-05,46,0
Poperinge,2013-08-06,19,1
Poperinge,2013-08-07,11,0
Poperinge,2013-08-08,80,0
Poperinge,2013-08-09,13,0
Poperinge,2015-10-07,7,0
Poperinge,2015-10-08,0,1
Poperinge,2017-11-13,7,1
Poperinge,2017-11-14,5,0
Poperinge,2017-11-17,10,0
Poperinge,2017-11-20,0,1
Poperinge,2019-09-17,30,2
Poperinge,2019-09-19,4,0
Poperinge,2020-07-02,7,0
Poperinge,2020-07-06,0,1
Poperinge,2021-11-09,4,0
Poperinge,2021-11-16,0,1
Poperinge,2023-10-31,10,1
Poperinge,2024-09-04,15,0
Poperinge,2024-09-05,0,1
Poperinge,2025-04-15,9,1
Poperinge,2025-04-25,2,0
Poperinge,2025-04-29,0,1
Poppel,2013-09-27,8,0
Poppel,2013-09-30,9,0
Poppel,2013-10-02,0,1
Poppel,2018-04-06,6,0
Poppel,2019-01-18,4,1
Poppel,2022-03-23,8,0
Proven,2016-07-18,7,0
Proven,2016-07-20,5,0
Proven,2016-07-27,4,0
Pulderbos,2003-05-28,0,1
Pulderbos,2003-06-05,0,1
Pulderbos,2005-06-23,0,1
Pulderbos,2005-11-17,0,1
Pulderbos,2015-11-17,10,0
Pulderbos,2019-03-20,18,0
Pulderbos,2021-12-01,15,0
Pulderbos,2025-05-06,15,1
Ravels,2003-05-28,0,1
Ravels,2005-01-19,0,1
Ravels,2012-08-28,22,0
Ravels,2012-08-30,2,0
Ravels,2012-09-04,0,2
Ravels,2012-09-05,0,2
Ravels,2012-10-11,0,1
Ravels,2016-05-10,3,0
Ravels,2016-05-18,0,1
Retie,2007-11-08,88,0
Retie,2007-11-14,64,0
Retie,2012-11-05,0,1
Retie,2013-08-29,18,0
Riemst,2005-11-17,0,1
Riemst,2005-12-01,0,1
Riemst,2005-12-13,0,1
Riemst,2006-05-04,0,1
Riemst,2012-03-14,9,0
Riemst,2012-03-20,0,1
Riemst,2025-04-18,9,0
Riemst,2025-04-22,0,2
Riksingen,2003-07-15,0,1
Riksingen,2009-10-01,0,1
Rillaar,2021-01-07,17,0
Rillaar,2021-01-13,0,1
Rillaar,2021-02-25,5,0
Rillaar,2021-03-03,0,1
Rillaar,2021-03-18,8,0
Rillaar,2021-03-23,0,1
Rillaar,2021-03-24,20,0
Rillaar,2021-03-26,0,1
Rillaar,2021-04-01,10,0
Rillaar,2021-04-02,8,0
Rillaar,2021-04-07,0,1
Rillaar,2021-04-08,0,1
Rillaar,2021-05-11,4,0
Rillaar,2026-01-08,12,0
Rillaar,2026-01-13,0,3
Rillaar,2026-03-19,14,1
Roesbrugge,2016-11-17,4,1
Roesbrugge,2016-12-01,4,1
Roeselare,2005-09-15,2,0
Roeselare,2009-08-27,0,1
Roeselare,2014-06-20,4,0
Roeselare,2014-06-26,11,0
Roeselare,2017-08-29,6,1
Roeselare,2018-01-23,29,0
Roeselare,2018-01-26,0,1
Roeselare,2018-02-09,30,0
Roeselare,2018-02-16,0,1
Roeselare,2018-02-19,8,0
Roeselare,2018-03-06,12,0
Roeselare,2018-03-08,0,1
Roeselare,2018-03-09,5,0
Roeselare,2018-03-21,8,0
Roeselare,2018-03-26,0,1
Roeselare,2018-04-20,11,0
Roeselare,2018-04-23,0,1
Roeselare,2018-04-24,6,0
Roeselare,2018-04-27,5,2
Roeselare,2018-05-28,10,0
Roeselare,2018-06-01,0,1
Roeselare,2018-07-06,6,0
Roeselare,2018-07-09,0,1
Roeselare,2018-07-18,20,0
Roeselare,2018-07-19,6,0
Roeselare,2018-08-09,6,0
Roeselare,2018-08-10,0,1
Roeselare,2018-09-20,14,1
Roeselare,2018-10-12,38,0
Roeselare,2018-10-19,22,0
Roeselare,2018-10-31,6,0
Roeselare,2018-11-28,11,0
Roeselare,2019-02-08,8,0
Roeselare,2019-02-12,0,1
Roeselare,2019-03-08,8,0
Roeselare,2019-04-11,7,0
Roeselare,2019-05-24,13,0
Roeselare,2019-07-19,8,0
Roeselare,2019-07-22,0,1
Roeselare,2020-10-13,3,0
Roeselare,2020-10-14,0,1
Roeselare,2025-03-06,14,0
Roeselare,2025-04-24,10,0
Roeselare,2025-06-27,7,1
Rollegem,2008-10-15,0,1
Rollegem,2012-09-26,33,0
Rollegem,2012-10-11,0,1
Rollegem,2015-08-18,21,0
Rollegem,2015-09-23,28,0
Rollegem,2015-10-22,8,0
Rollegem,2015-10-23,3,1
Rollegem,2019-09-17,1,0
Rollegem,2019-12-06,4,0
Rollegem,2019-12-09,0,1
Rollegem,2024-10-04,6,0
Rollegem,2024-10-09,2,0
Rollegem,2026-01-07,6,0
Rollegem,2026-01-08,0,2
Ronse,1980-01-01,10,0
Ronse,2005-05-13,0,1
Ronse,2005-06-29,0,1
Ronse,2005-11-25,0,1
Ronse,2005-11-28,0,1
Ronse,2006-08-03,0,1
Ronse,2007-04-02,0,1
Ronse,2007-04-18,3,0
Ronse,2007-04-19,0,1
Ronse,2007-04-27,261,0
Ronse,2007-10-03,178,0
Ronse,2011-03-24,0,1
Ronse,2011-12-14,17,0
Ronse,2011-12-21,0,1
Ronse,2016-09-23,11,0
Ronse,2016-09-28,5,0
Ronse,2016-10-06,23,1
Ronse,2016-10-07,0,1
Ronse,2017-09-08,5,0
Ronse,2017-09-11,0,1
Ronse,2018-02-19,15,1
Ronse,2018-03-09,8,0
Ronse,2018-03-14,0,1
Ronse,2018-06-27,0,1
Ronse,2018-07-13,49,0
Ronse,2018-10-31,36,0
Ronse,2018-11-06,0,1
Ronse,2021-02-22,1,0
Ronse,2021-02-24,30,0
Ronse,2021-02-25,20,0
Ronse,2024-12-19,17,0
Ronse,2024-12-23,0,2
Ronse,2025-01-30,33,0
Ronse,2025-02-03,0,1
Ronse,2025-06-24,27,1
Ronse,2025-06-26,0,1
Ronse,2025-10-23,0,1
Ronse,2025-10-24,7,0
Ronse,2025-12-12,32,0
Ronse,2025-12-15,0,2
Ronse,2026-01-15,0,1
Ronse,2026-01-16,12,0
Ronse,2026-01-20,14,1
Ronse,2026-03-06,5,0
Ronse,2026-03-16,0,1
Ronse,2026-04-09,0,1
Roosbeek,2023-02-10,7,1
Rotselaar,2018-02-19,8,0
Ruddervoorde,2017-10-24,74,1
Ruddervoorde,2017-10-25,25,0
Ruddervoorde,2017-10-27,0,5
Ruddervoorde,2017-11-03,5,0
Ruddervoorde,2017-11-06,0,1
Ruddervoorde,2018-03-08,1,0
Ruddervoorde,2019-01-08,47,0
Ruddervoorde,2019-01-10,0,1
Ruddervoorde,2019-01-11,63,2
Ruddervoorde,2020-01-07,40,0
Ruddervoorde,2020-04-21,34,0
Ruddervoorde,2020-04-24,0,1
Ruddervoorde,2022-01-12,12,0
Ruddervoorde,2022-01-18,0,1
Ruddervoorde,2022-03-04,7,0
Ruddervoorde,2022-03-10,10,0
Ruddervoorde,2022-03-15,0,1
Ruddervoorde,2022-03-17,4,1
Ruddervoorde,2022-03-24,11,0
Ruddervoorde,2022-05-03,9,1
Ruddervoorde,2022-05-19,8,0
Ruddervoorde,2022-05-20,2,1
Ruddervoorde,2024-11-05,5,0
Ruddervoorde,2024-11-12,0,1
Ruddervoorde,2026-04-02,9,0
Ruddervoorde,2026-04-03,0,1
Ruisbroek,2019-04-17,25,0
Ruisbroek,2019-04-18,12,2
Ruisbroek,2019-04-23,44,1
Ruisbroek,2019-04-24,0,2
Ruisbroek,2019-05-02,6,0
Ruisbroek,2019-05-03,29,1
Ruisbroek,2024-10-23,22,1
Schilde,2007-09-04,0,1
Schilde,2007-11-08,261,0
Schilde,2008-04-17,0,1
Schilde,2008-04-23,0,1
Schilde,2009-07-16,0,1
Schilde,2010-03-26,0,1
Schilde,2015-06-05,33,0
Schilde,2015-06-08,7,0
Schilde,2016-03-17,10,0
Schilde,2016-03-21,0,2
Schilde,2018-08-24,14,1
Schilde,2021-01-20,4,1
Schilde,2021-06-08,6,1
Schilde,2025-04-03,8,0
Schilde,2025-04-04,0,2
Schilde,2025-05-06,12,1
Schilde,2025-06-27,7,0
Schilde,2025-07-01,0,2
Schilde,2026-03-09,0,1
Schilde,2026-03-13,0,1
Schilde,2026-03-16,9,1
Schore,2018-04-10,5,0
Schore,2018-05-18,25,0
Schoten,2007-01-08,172,0
Schoten,2012-03-14,2,0
Schoten,2012-03-20,0,1
Schoten,2014-03-07,8,0
Schoten,2016-02-03,2,0
Schoten,2016-12-14,7,0
Schoten,2016-12-19,0,1
Schoten,2016-12-20,21,2
Schoten,2017-02-07,19,0
Schoten,2017-02-09,0,1
Schoten,2020-10-30,51,1
Schoten,2020-11-03,8,1
Sinaai,2003-06-03,0,1
Sinaai,2003-09-01,0,1
Sinaai,2006-07-12,0,1
Sinaai,2015-03-10,14,0
Sinaai,2015-03-11,0,1
Sinaai,2017-06-29,5,1
Sinaai,2017-06-30,2,1
Sinaai,2017-07-12,5,0
Sinaai,2017-07-13,0,1
Sinaai,2017-07-14,25,0
Sinaai,2017-08-02,38,0
Sinaai,2017-08-03,59,0
Sinaai,2017-08-04,17,0
Sinaai,2017-08-07,6,0
Sinaai,2017-08-08,40,0
Sinaai,2017-09-04,5,0
Sinaai,2017-09-05,0,1
Sinaai,2018-06-08,3,0
Sinaai,2018-07-03,6,0
Sinaai,2018-07-06,11,0
Sinaai,2018-07-09,0,1
Sinaai,2018-07-27,6,1
Sint Jans Eremo,2012-03-06,0,1
Sint Laureins_Sint Margriete,2021-05-26,4,1
Sint Laureins_Sint Margriete,2021-07-01,12,1
Sint Laureins_Sint Margriete,2021-07-14,41,0
Sint Laureins_Sint Margriete,2021-07-15,0,1
Sint Laureins_Sint Margriete,2021-07-19,0,1
Sint-Amands,2009-12-08,0,1
Sint-Amands,2009-12-09,0,1
Sint-Amands,2018-09-19,4,0
Sint-Amands,2019-05-13,2,1
Sint-Amands,2024-11-06,7,0
Sint-Amands,2024-11-12,0,1
Sint-Ankelings,2011-05-09,1,0
Sint-Ankelings,2011-05-10,51,0
Sint-Ankelings,2011-07-15,0,1
Sint-Ankelings,2013-06-05,72,0
Sint-Ankelings,2013-06-06,13,0
Sint-Ankelings,2013-06-12,12,0
Sint-Lievens-OudenhoveWadi,2019-07-18,2,0
Sint-Lievens-OudenhoveWadi,2019-07-19,17,1
Sint-Lievens_Esse,2025-06-27,14,0
Sint-Lievens_Esse,2025-06-30,0,1
Sint-Maria-Aalter,2018-01-26,9,2
Sint-Maria-Lierde,2003-06-02,0,1
Sint-Maria-Lierde,2008-08-11,94,0
Sint-Maria-Lierde,2009-11-05,3,0
Sint-Maria-Lierde,2011-09-07,0,1
Sint-Maria-Lierde,2021-01-11,11,0
Sint-Maria-Lierde,2021-01-15,0,1
Sint-Maria-Lierde,2023-03-06,11,0
Sint-Maria-Lierde,2023-03-07,26,0
Sint-Maria-Lierde,2023-03-10,11,0
Sint-Maria-Lierde,2023-03-14,0,3
Sint-Maria-Lierde,2023-03-23,7,0
Sint-Maria-Lierde,2023-03-24,26,0
Sint-Maria-Lierde,2023-03-27,0,3
Sint-Maria-Lierde,2023-04-04,35,0
Sint-Maria-Lierde,2023-04-07,0,2
Sint-Maria-Lierde,2023-04-18,6,0
Sint-Maria-Lierde,2023-04-25,0,1
Sint-Niklaas,2003-06-03,0,1
Sint-Niklaas,2007-03-30,233,0
Sint-Niklaas,2007-04-11,6,0
Sint-Niklaas,2009-01-13,28,0
Sint-Niklaas,2015-03-25,1,0
Sint-Niklaas,2015-03-26,1,0
Sint-Niklaas,2015-03-27,8,0
Sint-Niklaas,2015-10-12,1,0
Sint-Niklaas,2018-03-14,8,0
Sint-Niklaas,2019-10-09,15,0
Sint-Niklaas,2019-10-14,0,2
Sint-Niklaas,2025-08-14,6,0
Sint-Niklaas,2025-08-20,0,1
Sint-Niklaas,2025-11-26,4,0
Sint-Niklaas,2025-11-28,5,0
Sint-Niklaas,2025-12-12,6,0
Sint-Niklaas,2025-12-17,0,1
Sint-Niklaas,2026-01-06,0,1
Sint-Niklaas,2026-01-12,16,0
Sint-Niklaas,2026-01-13,0,1
Sint-Niklaas,2026-02-09,0,1
Sint-Niklaas,2026-03-06,0,1
Sint-Niklaas,2026-03-20,0,1
Sint-Niklaas,2026-04-02,0,1
Sint-Niklaas,2026-04-14,0,1
Sint-Niklaas Heimolen,2005-10-20,0,1
Sint-Pieters-Leeuw,2005-12-19,0,1
Sint-Pieters-Leeuw,2006-02-07,0,1
Sint-Pieters-Leeuw,2006-02-17,0,1
Sint-Pieters-Leeuw,2006-03-14,0,1
Sint-Pieters-Leeuw,2006-03-22,0,1
Sint-Pieters-Leeuw,2006-05-10,0,1
Sint-Pieters-Leeuw,2006-06-19,0,1
Sint-Pieters-Leeuw,2006-06-29,0,1
Sint-Pieters-Leeuw,2012-04-03,0,2
Sint-Pieters-Leeuw,2012-06-19,17,0
Sint-Pieters-Leeuw,2012-07-11,0,2
Sint-Pieters-Leeuw,2012-07-31,0,1
Sint-Pieters-Leeuw,2012-09-04,4,0
Sint-Pieters-Leeuw,2012-09-05,0,2
Sint-Pieters-Leeuw,2015-10-28,1,0
Sint-Pieters-Leeuw,2018-12-05,3,0
Sint-Pieters-Leeuw,2020-02-14,25,0
Sint-Pieters-Leeuw,2020-06-09,7,0
Sint-Pieters-Leeuw,2020-06-10,38,0
Sint-Pieters-Leeuw,2020-06-12,0,1
Sint-Pieters-Leeuw,2020-08-25,6,0
Sint-Pieters-Leeuw,2020-12-01,13,0
Sint-Pieters-Leeuw,2020-12-03,9,0
Sint-Pieters-Leeuw,2021-02-24,27,0
Sint-Pieters-Leeuw,2021-04-15,31,0
Sint-Pieters-Leeuw,2021-08-12,15,0
Sint-Pieters-Leeuw,2021-09-23,99,0
Sint-Pieters-Leeuw,2021-11-17,10,0
Sint-Pieters-Leeuw,2021-11-18,16,0
Sint-Pieters-Leeuw,2022-05-12,8,0
Sint-Pieters-Leeuw,2022-05-17,0,2
Sint-Pieters-Leeuw,2025-10-07,19,1
Sint-Pieters-Leeuw,2025-10-16,0,1
Sint-Pieters-Leeuw,2026-02-03,0,1
Sint-Pieters-Leeuw,2026-02-11,0,1
Sint-Pieters-Leeuw,2026-02-27,0,1
Sint-Pieters-Leeuw,2026-03-12,0,1
Sint-Pieters-Leeuw,2026-03-27,0,1
Sint-Pieters-Leeuw,2026-04-21,0,1
Sint-Pietersveld Wingene,2012-07-13,0,3
Sint-Truiden,2006-11-21,17,0
Sint-Truiden,2007-04-24,190,0
Sint-Truiden,2007-04-27,298,0
Sint-Truiden,2007-09-25,67,0
Sint-Truiden,2012-03-16,0,1
Sint-Truiden,2012-03-29,25,0
Sint-Truiden,2013-10-02,27,0
Sint-Truiden,2013-10-08,67,0
Sint-Truiden,2013-10-10,65,0
Sint-Truiden,2014-02-07,1,0
Sint-Truiden,2015-02-12,2,0
Sint-Truiden,2018-03-07,6,0
Sint-Truiden,2018-03-08,15,1
Sint-Truiden,2018-03-09,0,1
Sint-Truiden,2019-02-20,0,1
Sint-Truiden,2019-03-01,11,0
Sint-Truiden,2022-04-28,18,1
Sint-Truiden,2022-10-27,12,1
Staden,2005-12-08,0,1
Staden,2007-03-26,104,0
Staden,2007-11-20,102,0
Staden,2009-09-21,0,1
Staden,2015-12-14,6,0
Staden,2017-11-09,3,0
Staden,2020-12-08,13,0
Staden,2020-12-10,7,1
Stavele,2016-11-21,4,1
Stavele,2018-03-29,1,0
Stavele,2018-05-23,36,0
Stavele,2018-05-28,47,0
Steenokkerzeel-Noord,2007-10-02,157,0
Steenokkerzeel-Noord,2012-03-09,0,1
Steenokkerzeel-Noord,2012-10-11,0,1
Steenokkerzeel-Noord,2013-12-05,20,1
Steenokkerzeel-Noord,2014-01-15,11,0
Steenokkerzeel-Noord,2014-01-16,0,1
Steenokkerzeel-Noord,2014-01-21,8,0
Steenokkerzeel-Noord,2014-01-22,10,0
Steenokkerzeel-Noord,2015-02-24,6,1
Steenokkerzeel-Noord,2015-04-15,5,0
Steenokkerzeel-Noord,2023-11-07,5,0
Steenokkerzeel-Noord,2023-11-08,0,1
Stekene,2003-06-02,0,1
Stekene,2003-07-14,0,1
Stekene,2006-01-17,0,1
Stekene,2006-02-10,0,1
Stekene,2007-11-08,154,0
Stekene,2022-06-20,2,1
Stekene,2022-11-24,5,0
Stekene,2022-11-29,0,1
Stekene,2023-06-22,4,0
Stekene,2023-06-23,0,1
Stekene,2024-03-14,11,2
Stekene,2024-04-03,4,1
Stekene,2025-06-05,0,1
Temse,2005-09-08,0,1
Temse,2005-10-03,0,1
Temse,2005-10-12,0,1
Temse,2005-11-29,14,0
Temse,2005-11-30,1,0
Temse,2005-12-02,2,0
Temse,2006-01-26,0,1
Temse,2006-02-01,0,1
Temse,2006-02-06,0,1
Temse,2006-02-17,0,1
Temse,2006-03-03,0,1
Temse,2006-04-03,0,1
Temse,2006-09-07,0,1
Temse,2012-03-09,0,1
Temse,2013-03-07,0,1
Temse,2014-04-16,4,1
Tervuren,2013-05-03,0,1
Tervuren,2019-12-05,8,0
Tervuren,2019-12-09,0,1
Tervuren,2025-02-18,13,0
Tervuren,2025-02-20,27,0
Tervuren,2025-02-21,28,0
Tervuren,2025-02-25,59,0
Tervuren,2025-02-26,29,0
Tervuren,2025-02-27,0,1
Tervuren,2025-03-13,12,0
Tervuren,2025-03-20,0,2
Tervuren,2025-04-09,4,0
Tervuren,2025-04-15,0,1
Tervuren,2025-04-25,10,0
Tervuren,2025-04-30,0,1
Tessenderlo,2003-06-02,0,1
Tessenderlo,2005-06-08,0,1
Tessenderlo,2005-07-14,4,0
Tessenderlo,2005-11-08,0,1
Tessenderlo,2005-12-21,0,1
Tessenderlo,2006-09-25,0,1
Tessenderlo,2006-09-27,1,0
Tessenderlo,2007-04-13,228,0
Tessenderlo,2012-12-21,6,1
Tessenderlo,2013-02-04,0,1
Tessenderlo,2013-02-05,0,1
Tessenderlo,2013-02-07,0,2
Tessenderlo,2013-02-15,9,0
Tessenderlo,2013-02-18,12,0
Tessenderlo,2013-02-20,8,0
Tessenderlo,2013-02-26,9,0
Tessenderlo,2013-03-05,7,0
Tessenderlo,2013-03-12,12,0
Tessenderlo,2013-04-10,9,0
Tessenderlo,2013-06-06,18,0
Tessenderlo,2013-06-10,17,0
Tessenderlo,2013-06-11,0,2
Tessenderlo,2013-06-27,18,0
Tessenderlo,2013-07-05,26,0
Tessenderlo,2013-07-12,20,0
Tessenderlo,2013-07-16,8,0
Tessenderlo,2013-07-25,24,0
Tessenderlo,2013-08-13,13,0
Tessenderlo,2013-08-21,17,0
Tessenderlo,2013-09-25,19,0
Tessenderlo,2013-10-07,43,0
Tessenderlo,2013-10-09,18,0
Tessenderlo,2013-10-22,23,0
Tessenderlo,2014-04-09,7,1
Tessenderlo,2014-04-10,5,0
Tessenderlo,2022-01-14,7,1
Tessenderlo,2022-02-04,32,0
Tessenderlo,2022-02-09,5,0
Tessenderlo,2024-10-03,8,0
Tessenderlo,2024-10-09,10,1
Tessenderlo,2024-11-14,8,0
Tessenderlo,2025-12-22,0,1
Teuven,2017-01-30,7,1
Tielt,2018-01-11,4,0
Tielt,2018-03-30,4,0
Tielt,2018-04-04,0,1
Tielt,2022-02-01,22,1
Tielt,2022-02-03,21,3
Tielt,2022-02-08,32,0
Tielt,2022-02-10,23,3
Tielt,2022-11-18,9,1
Tielt Winge,2018-07-06,6,0
Tielt Winge,2018-08-24,4,0
Tielt Winge,2018-09-19,5,0
Tielt Winge,2020-09-16,6,1
Tielt Winge,2020-09-25,4,0
Tienen,2006-12-01,140,0
Tienen,2012-07-06,8,0
Tienen,2012-07-10,0,2
Tienen,2019-06-21,6,0
Tienen,2019-06-24,0,1
Tienen,2026-04-02,0,1
Tienen,2026-04-16,0,1
Tivoli,2019-10-11,111,0
Tivoli,2019-10-17,8,2
Tivoli,2019-10-18,4,0
Tivoli,2019-10-22,20,0
Tivoli,2019-10-23,0,2
Tivoli,2019-10-29,11,2
Tivoli,2019-11-07,10,0
Tivoli,2019-11-15,12,1
Tivoli,2019-11-22,51,1
Tivoli,2019-11-26,25,0
Tivoli,2019-11-28,20,0
Tivoli,2019-11-29,4,0
Tivoli,2020-11-06,24,2
Tongeren,2005-11-30,0,1
Tongeren,2005-12-09,0,1
Tongeren,2005-12-21,0,1
Tongeren,2006-01-18,0,1
Tongeren,2007-09-17,0,1
Tongeren,2007-11-08,132,0
Tongeren,2011-06-27,0,1
Tongeren,2012-03-20,20,0
Tongeren,2012-06-28,5,1
Tongeren,2016-11-30,4,0
Turnhout,2005-02-14,0,1
Turnhout,2005-05-20,0,1
Turnhout,2005-05-24,0,1
Turnhout,2006-11-30,178,0
Turnhout,2010-02-24,0,1
Turnhout,2012-06-20,8,0
Turnhout,2012-06-27,0,1
Turnhout,2013-04-04,10,0
Turnhout,2013-06-27,19,0
Turnhout,2013-07-19,21,0
Turnhout,2013-07-23,0,1
Turnhout,2014-02-28,7,0
Turnhout,2014-03-04,11,1
Turnhout,2014-04-24,13,1
Turnhout,2017-12-07,4,0
Turnhout,2018-09-25,30,0
Turnhout,2018-09-26,0,1
Turnhout,2018-11-29,10,0
Turnhout,2019-02-14,6,0
Turnhout,2019-04-26,11,0
Turnhout,2019-05-03,18,0
Turnhout,2019-10-22,6,0
Turnhout,2019-10-24,7,2
Turnhout,2019-12-02,4,0
Turnhout,2019-12-03,25,2
Turnhout,2022-04-12,19,0
Turnhout,2025-08-06,5,0
Turnhout,2025-08-08,0,1
Varenbergbeek,2011-05-12,6,0
Varenbergbeek,2011-05-16,10,0
Varenbergbeek,2012-12-12,0,1
Viersel,2004-06-07,1,0
Viersel,2004-08-07,1,0
Viersel,2005-07-02,1,0
Viersel,2005-08-04,1,0
Viersel,2005-11-04,1,2
Viersel,2018-08-24,3,1
Viersel,2019-05-13,15,0
Viersel,2019-05-14,1,0
Viersel,2019-05-15,1,0
Viersel,2019-05-29,33,0
Viersel,2019-06-05,26,0
Viersel,2019-06-17,5,1
Viersel,2019-08-22,4,1
Viersel,2019-09-24,2,0
Viersel,2019-09-25,4,1
Viersel,2019-10-04,10,1
Viersel,2019-11-08,6,0
Viersel,2019-11-14,0,1
Viersel,2019-11-22,9,0
Viersel,2019-11-27,5,0
Viersel,2019-11-28,23,0
Viersel,2019-11-29,0,3
Viersel,2019-12-05,29,0
Viersel,2019-12-11,0,2
Viersel,2020-01-15,44,0
Viersel,2020-01-16,0,2
Viersel,2020-02-11,49,0
Viersel,2020-02-12,0,1
Viersel,2020-03-12,26,0
Viersel,2020-03-13,5,0
Vissenaken,2016-01-21,12,0
Vissenaken,2016-01-22,0,1
Vissenaken,2017-11-24,4,0
Vissenaken,2024-08-13,0,1
Vlamertinge,2013-04-30,6,1
Vlamertinge,2018-05-07,9,0
Vlamertinge,2018-05-09,0,2
Vleteren,2006-08-21,0,1
Vleteren,2018-02-05,12,0
Vleteren,2018-02-08,4,2
Vleteren,2020-07-28,12,0
Vleteren,2020-07-29,2,2
Vleteren,2021-11-09,3,0
Vleteren,2021-11-16,0,1
Voeren,2008-10-24,0,1
Voeren,2015-06-16,2,0
Voeren,2015-06-18,5,0
Voeren,2015-06-23,13,0
Voeren,2015-07-07,10,0
Voeren,2015-07-08,0,1
Vosselaar,2005-02-09,0,1
Vosselaar,2014-07-11,18,1
Vosselaar,2016-07-08,14,0
Vosselaar,2016-09-07,8,0
Vosselaar,2022-01-25,10,0
Vosselaar,2022-01-27,3,0
Vosselaar,2022-02-10,15,0
Vosselaar,2022-02-15,0,1
Vosselaar,2022-03-08,3,0
Vosselaar,2022-03-10,5,1
Vosselaar,2022-03-24,9,0
Vosselaar,2022-04-05,0,1
Vosselaar,2023-03-10,2,0
Vosselaar,2023-03-14,0,1
Vosselaar,2024-10-09,5,0
Vosselaar,2024-10-11,0,1
Vosselaar,2024-11-06,9,0
Vosselaar,2024-11-18,0,1
Vosselaar,2025-02-12,8,0
Vosselaar,2025-02-17,0,1
Vosselaar,2025-02-18,0,1
Wachtebeke,2013-06-03,9,0
Wachtebeke,2013-06-04,0,1
Wannegem_Lede,2017-07-20,6,1
Wannegem_Lede,2021-01-20,20,1
Waregem,2003-06-02,0,2
Waregem,2011-07-15,0,2
Waregem,2020-12-02,7,0
Waregem,2020-12-07,0,1
Watervliet,2013-07-23,2,1
Watou,2005-12-05,0,1
Watou,2007-06-18,0,1
Westerlo,2001-02-07,1,0
Westerlo,2001-02-08,1,0
Westerlo,2003-06-02,0,1
Westerlo,2007-11-05,0,1
Westerlo,2019-04-23,4,1
Westerlo,2019-04-30,9,0
Westerlo,2019-05-06,0,1
Westerlo,2019-05-10,11,0
Westerlo,2019-05-24,4,0
Westerlo,2020-10-29,12,0
Westerlo,2021-01-26,8,0
Westouter,2000-01-03,4,0
Westouter,2004-03-29,0,1
Westouter,2005-12-05,0,1
Wetteren,2006-03-08,0,1
Wetteren,2006-05-02,0,1
Wetteren,2013-05-06,0,1
Wetteren,2013-05-13,0,1
Wetteren,2018-04-06,7,0
Wetteren,2020-07-17,7,0
Wichelen,2013-02-27,9,1
Wichelen,2013-03-01,0,1
Wijer,2014-01-31,4,0
Wimmertingen,2003-07-14,0,1
Wingene,2018-02-02,15,1
Wingene,2018-12-21,20,1
Wingene,2022-06-03,2,0
Wingene,2022-06-07,1,1
Wingene,2022-08-23,3,0
Wingene,2022-08-26,0,1
Wingene,2022-09-13,8,1
Wolfsdonk,2012-05-04,4,0
Wolfsdonk,2012-05-07,0,1
Wolfsdonk,2013-03-04,7,1
Wolfsdonk,2013-03-21,0,1
Wolfsdonk,2013-04-09,3,0
Wolfsdonk,2013-04-10,4,0
Wolfsdonk,2014-01-10,4,0
Wolfsdonk,2014-01-14,0,1
Wolfsdonk,2014-02-26,5,0
Wolfsdonk,2014-04-02,9,1
Wolfsdonk,2017-01-06,5,1
Wolfsdonk,2017-10-27,14,0
Wolfsdonk,2017-10-30,0,1
Wolfsdonk,2017-10-31,29,1
Wolfsdonk,2017-11-24,16,1
Wolfsdonk,2017-12-19,9,0
Wolfsdonk,2018-11-28,7,0
Wolfsdonk,2019-04-03,10,0
Wolfsdonk,2019-04-16,7,0
Wolfsdonk,2019-04-18,0,1
Wolfsdonk,2021-11-25,6,0
Wolfsdonk,2021-12-07,8,0
Wolfsdonk,2022-01-21,24,0
Wolfsdonk,2022-01-25,0,1
Wolfsdonk,2022-12-15,8,1
Wolfsdonk,2024-11-19,6,0
Wolfsdonk,2024-11-22,0,1
Wolfsdonk,2026-01-30,3,1
Wommelgem,2005-09-28,0,1
Wommelgem,2005-12-07,0,1
Wommelgem,2005-12-09,0,1
Wommelgem,2006-01-20,0,1
Wommelgem,2006-06-22,0,1
Wommelgem,2007-04-06,72,0
Wommelgem,2014-04-01,5,0
Wommelgem,2014-04-02,13,1
Wommelgem,2014-04-16,10,1
Wommelgem,2015-10-29,1,0
Wommelgem,2024-11-26,7,0
Wommelgem,2024-11-29,0,1
Woumen,2014-05-28,9,0
Woumen,2014-08-07,10,0
Woumen,2014-08-08,4,1
Woumen,2023-07-06,15,2
Wulpen,2008-01-25,0,1
Wulpen,2010-08-12,0,1
Wulpen,2012-01-31,16,0
Wulpen,2013-04-12,12,1
Wulpen,2013-04-17,10,1
Wulpen,2013-10-16,7,0
Wulpen,2013-10-18,0,1
Wulpen,2016-10-04,5,1
Wulpen,2020-11-24,22,0
Wulpen,2020-11-25,0,2
Wulpen,2023-10-24,1,0
Wulpen,2023-10-25,9,0
Zandbergen,2006-02-20,0,1
Zandbergen,2006-02-21,0,1
Zandbergen,2006-02-27,0,1
Zandbergen,2007-03-09,0,1
Zandbergen,2007-03-14,0,1
Zandbergen,2013-02-07,0,1
Zandbergen,2016-10-14,7,1
Zandbergen,2018-07-03,6,0
Zandvoorde,2022-01-07,12,0
Zandvoorde,2022-05-12,5,1
Zandvoorde,2026-03-04,8,0
Zandvoorde,2026-03-05,0,1
Zandvoorde,2026-03-20,0,1
Zandvoorde,2026-04-14,0,1
Zele,2003-06-03,0,1
Zele,2018-11-29,6,0
Zele,2018-11-30,27,0
Zele,2021-09-22,20,1
Zele,2021-12-14,7,0
Zele,2021-12-16,4,1
Zelzate,2003-06-06,0,1
Zelzate,2006-03-13,0,1
Zelzate,2006-03-15,0,1
Zelzate,2006-05-08,0,1
Zelzate,2015-06-18,18,0
Zelzate,2015-10-08,10,1
Zelzate,2016-03-01,44,0
Zelzate,2016-03-04,0,1
Zemst - Hofstade,2005-10-05,0,1
Zemst - Hofstade,2006-01-16,0,1
Zemst - Hofstade,2006-03-08,0,1
Zemst - Hofstade,2006-04-25,0,1
Zemst - Hofstade,2006-05-10,0,1
Zemst - Hofstade,2006-06-21,0,1
Zemst - Hofstade,2006-07-13,0,2
Zemst - Hofstade,2006-07-24,0,2
Zemst - Hofstade,2006-07-31,0,1
Zemst - Hofstade,2006-08-25,0,1
Zemst - Hofstade,2006-09-04,0,2
Zemst - Hofstade,2006-12-18,0,1
Zemst - Hofstade,2007-03-30,138,0
Zemst - Hofstade,2007-04-27,210,0
Zemst - Hofstade,2012-05-08,12,0
Zemst - Hofstade,2012-07-09,0,2
Zemst - Hofstade,2013-12-16,25,0
Zemst - Hofstade,2013-12-19,9,0
Zemst - Hofstade,2014-09-23,5,1
Zemst - Hofstade,2015-10-16,15,2
Zemst - Hofstade,2017-11-17,10,0
Zemst - Hofstade,2018-02-16,12,0
Zemst - Hofstade,2018-03-21,4,0
Zemst - Hofstade,2018-05-25,11,1
Zemst - Hofstade,2019-02-06,14,0
Zemst - Hofstade,2019-02-12,0,1
Zemst - Hofstade,2025-04-18,22,0
Zemst - Hofstade,2025-04-22,0,2
Zemst-Bosstraat,2021-12-13,28,1
Zemst-Bosstraat,2021-12-14,4,0
Zemst-Bosstraat,2021-12-16,7,1
Zemst-Larebeek,2006-07-14,0,1
Zemst-Larebeek,2018-07-12,0,1
Zevergem,2006-04-27,0,1
Zichem,2013-04-16,9,0
Zichem,2014-03-25,4,0
Zichen,2005-11-04,0,1
Zichen,2005-12-13,0,1
Zichen,2005-12-21,0,1
Zichen,2007-04-16,213,0
Zichen,2013-04-04,5,1
Zichen,2013-04-16,5,0
Zichen,2014-04-10,4,1
Zichen,2020-01-29,11,0
Zichen,2020-06-12,2,0
Zoersel,2012-06-20,14,0
Zoersel,2012-06-28,0,1
Zolder,1980-01-01,10,0
Zolder,2003-06-03,0,1
Zolder,2006-04-04,0,1
Zolder,2007-01-08,78,0
Zolder,2007-01-19,200,0
Zolder,2012-03-30,10,0
Zolder,2014-03-18,17,0
Zolder,2014-03-24,6,1
Zolder,2018-02-27,8,0
Zolder,2018-02-28,0,1
Zolder,2021-12-07,29,0
Zolder,2021-12-15,24,0
Zolder,2021-12-16,12,1
Zolder,2022-01-13,20,0
Zolder,2022-01-18,0,1
Zolder,2022-01-27,5,0
Zolder,2022-04-07,5,1
Zolder,2022-04-14,15,0
Zolder,2022-04-15,13,2
Zolder,2025-04-11,4,0
Zolder,2025-04-15,0,1
Zolder,2026-03-20,14,0
Zolder,2026-03-23,0,1
Zolder,2026-03-24,22,0
Zomergem,2003-09-02,0,1
Zomergem,2007-06-26,1,1
Zomergem,2007-06-28,0,1
Zomergem,2018-01-26,6,0
Zomergem,2018-08-31,3,0
Zomergem,2018-09-04,0,1
Zomergem,2019-02-01,4,1
Zomergem,2019-02-14,7,0
Zomergem,2019-02-18,0,1
Zomergem,2019-12-19,9,0
Zomergem,2019-12-20,0,1
Zomergem,2020-12-15,7,0
Zomergem,2021-03-05,4,0
Zomergem,2021-03-18,12,0
Zomergem,2021-03-23,0,1
Zomergem,2021-07-15,7,0
Zomergem,2021-07-19,0,1
Zomergem,2026-02-11,9,1
Zomergem,2026-02-12,0,1
Zondereigen,2003-06-03,0,1
Zondereigen,2008-10-08,22,0
Zondereigen,2017-06-30,7,0
Zondereigen,2017-07-03,0,1
Zondereigen,2018-08-28,26,0
Zondereigen,2018-08-31,16,0
Zondereigen,2018-09-04,4,3
Zondereigen,2018-09-07,11,0
Zondereigen,2018-10-31,40,0
Zondereigen,2018-11-06,9,1
Zondereigen,2018-12-06,33,0
Zondereigen,2018-12-18,12,0
Zondereigen,2019-02-08,5,0
Zondereigen,2019-02-15,19,1
Zondereigen,2019-02-18,0,2
Zondereigen,2019-02-22,7,0
Zondereigen,2019-02-28,0,2
Zondereigen,2019-03-06,24,0
Zondereigen,2019-03-07,4,1
Zondereigen,2019-04-19,38,0
Zondereigen,2019-04-24,0,1
Zondereigen,2019-05-22,11,0
Zondereigen,2020-01-15,11,0
Zondereigen,2020-01-17,0,2
Zondereigen,2020-03-18,14,1
Zondereigen,2020-03-19,12,1
Zondereigen,2020-06-02,10,0
Zondereigen,2020-06-03,0,1
Zondereigen,2020-12-09,27,1
Zondereigen,2020-12-11,0,2
Zondereigen,2024-08-09,0,1
Zondereigen,2026-01-30,0,1
Zondereigen,2026-02-09,0,1
Zondereigen,2026-03-10,0,1
Zondereigen,2026-04-10,30,0
Zondereigen,2026-04-13,0,1
Zonhoven,2005-10-28,0,1
Zonhoven,2005-11-10,0,1
Zonhoven,2005-12-05,0,1
Zonhoven,2006-03-13,0,1
Zonhoven,2006-03-20,0,1
Zonhoven,2006-05-08,0,1
Zonhoven,2006-07-11,0,1
Zonhoven,2006-07-19,0,1
Zonhoven,2007-01-19,138,0
Zonhoven,2007-02-02,98,0
Zonhoven,2007-03-02,83,0
Zonhoven,2007-03-28,2,0
Zonhoven,2008-05-05,0,1
Zonhoven,2012-03-23,24,0
Zonhoven,2013-01-18,7,0
Zonhoven,2013-01-23,0,1
Zonhoven,2013-03-06,6,0
Zonhoven,2014-09-23,11,0
Zonhoven,2015-11-10,1,0
Zonhoven,2016-05-31,4,0
Zonhoven,2016-06-01,0,2
Zonhoven,2016-06-07,1,0
Zonhoven,2017-06-16,11,0
Zonhoven,2017-12-01,15,1
Zonhoven,2019-12-17,13,0
Zonhoven,2019-12-18,0,1
Zonhoven,2020-01-15,3,0
Zonhoven,2020-01-16,0,2
Zonhoven,2020-01-17,4,1
Zonhoven,2022-02-01,5,0
Zonhoven,2022-02-03,0,1
Zonhoven,2022-02-22,17,0
Zonhoven,2022-04-05,3,1
Zonhoven,2022-04-06,29,0
Zonhoven,2022-04-08,21,4
Zonhoven,2022-04-14,24,0
Zonhoven,2022-04-15,10,0
Zonhoven,2022-04-22,13,1
Zonhoven,2022-04-29,9,1
Zonhoven,2022-05-05,9,0
Zonhoven,2022-05-06,7,0
Zonhoven,2022-05-09,0,1
Zonhoven,2022-05-17,7,0
Zonhoven,2022-05-19,0,1
Zonhoven,2024-11-07,14,0
Zonhoven,2024-11-08,6,0
Zonhoven,2024-11-12,0,1
Zonnebeke,2013-03-26,0,1
Zonnebeke,2019-01-11,47,0
Zonnebeke,2019-01-18,0,2
Zonnebeke,2022-05-17,6,1
Zottegem Sint Maria Lierde,2022-01-25,15,0
Zottegem-Plakendaal,2013-09-24,19,0
Zottegem-Plakendaal,2013-09-25,20,0
Zottegem-Plakendaal,2018-07-03,6,0
Zottegem-Plakendaal,2018-07-12,6,0
Zottegem-Plakendaal,2026-02-02,0,1
Zottegem_Larebeek,2017-07-10,21,0
Zottegem_Larebeek,2018-07-10,8,0
Zottegem_Larebeek,2018-07-11,0,2
Zottegem_Larebeek,2018-07-12,21,0
Zoutleeuw,2006-01-23,0,1
Zoutleeuw,2014-03-14,6,0
Zoutleeuw,2014-04-15,5,0
Zoutleeuw,2025-09-18,15,0
Zoutleeuw,2025-09-19,0,1
Zoutleeuw,2025-10-07,4,1
Zoutleeuw,2025-10-17,0,1
Zoutleeuw,2025-11-03,0,1
Zoutleeuw,2025-11-13,6,0
Zoutleeuw,2025-11-20,0,1
Zoutleeuw,2025-11-28,5,0
Zoutleeuw,2026-01-12,0,1
Zwalm,2017-09-29,7,0
Zwalm,2017-10-03,5,0
Zwalm,2020-10-13,16,0
Zwalm,2021-09-28,23,1
Zwalm,2021-11-23,0,1
Zwalm,2021-11-25,14,0
Zwalm,2022-03-01,20,0
Zwalm,2024-09-05,5,0
Zwalm,2024-09-06,0,1
ingooigem,2020-03-18,7,0
ingooigem,2026-03-24,55,0
ingooigem,2026-03-26,0,1
nieuwkerke,2020-05-06,8,0
nieuwkerke,2020-05-12,0,2
nieuwkerke,2023-04-13,8,0
pompstationNieuwpoort,2018-04-25,3,0
pompstationNieuwpoort,2018-04-27,0,1
pompstationReninge,2015-12-21,10,0
pompstationReninge,2015-12-23,4,1
pompstationReninge,2015-12-24,0,1
rietvelden,2019-05-22,4,0
